feature_gene,feature_panel,independent_dataset,tf_module,tf,module_genes_used,n_module_genes_used,n_samples,pearson_r,pearson_p,spearman_r,spearman_p,regulon_expression_support
COX6A2,metabolic,GSE201437,PGC1A_oxidative_metabolism_module,PPARGC1A/PGC-1A,PPARGC1A;CPT1B;ACADVL;HADHA;NDUFA4;COX5A;SLC25A4;CKMT2;PDK4,9,14,0.8931292041564545,1.7023528460779876e-05,0.9032967032967033,9.55865940105556e-06,True
COX5A,metabolic,GSE201437,PGC1A_oxidative_metabolism_module,PPARGC1A/PGC-1A,PPARGC1A;CPT1B;ACADVL;HADHA;NDUFA4;COX6A2;SLC25A4;CKMT2;PDK4,9,14,0.8808493859282035,3.1806628523781876e-05,0.8505494505494505,0.00011565615890988967,True
SCN5A,calcium_electrophysiology,GSE201437,GATA4_cardiac_program_module,GATA4,GATA4;NKX2-5;TBX5;HAND2;TNNT2;MYH6;MYH7;MYL2;NPPA;NPPB,10,14,0.790096752789578,0.0007723472867688923,0.832967032967033,0.00021655091041647006,True
CKMT2,metabolic,GSE201437,PGC1A_oxidative_metabolism_module,PPARGC1A/PGC-1A,PPARGC1A;CPT1B;ACADVL;HADHA;NDUFA4;COX5A;COX6A2;SLC25A4;PDK4,9,14,0.8649177720101797,6.515223642582286e-05,0.8197802197802198,0.00033143695693539936,True
SLC25A4,metabolic,GSE201437,MEF2_contractile_module,MEF2,MYH6;MYH7;TNNT2;TNNI3;ACTN2;MYL2;MYL7;TTN;ATP2A2;RYR2,10,14,0.6910463204019728,0.00620286128840994,0.8109890109890111,0.00043221006490767964,True
SCN5A,calcium_electrophysiology,GSE201437,MEF2_contractile_module,MEF2,MYH6;MYH7;TNNT2;TNNI3;ACTN2;MYL2;MYL7;TTN;ATP2A2;RYR2,10,14,0.7735049022482501,0.0011726884360178066,0.7890109890109891,0.0007946144116544935,True
CACNA1C,calcium_electrophysiology,GSE201437,TBX5_electrophysiology_module,TBX5,TBX5;SCN5A;KCNQ1;KCNH2;GJA1;RYR2;ATP2A2;PLN,8,14,0.7920504332153416,0.0007335408761967035,0.7846153846153847,0.000890073974907857,True
SCN5A,calcium_electrophysiology,GSE201437,SRF_sarcomere_module,SRF,ACTN2;TNNT2;TNNI3;MYH6;MYH7;MYL2;MYL7;TTN;MYBPC3;TNNC1,10,14,0.6986159381402574,0.005444231017886264,0.7758241758241758,0.0011084786677787394,True
CPT1B,metabolic,GSE201437,HIF1A_glycolysis_stress_module,HIF1A,HIF1A;SLC2A1;LDHA;HK2;PDK1;PDK4;VEGFA;BNIP3,8,14,0.7626002432896227,0.0015155193832512616,0.767032967032967,0.0013676823882456158,True
SLC25A4,metabolic,GSE201437,SRF_sarcomere_module,SRF,ACTN2;TNNT2;TNNI3;MYH6;MYH7;MYL2;MYL7;TTN;MYBPC3;TNNC1,10,14,0.7621996847568678,0.001529480329152814,0.7494505494505495,0.0020301455491006475,True
NDUFA4,metabolic,GSE201437,PGC1A_oxidative_metabolism_module,PPARGC1A/PGC-1A,PPARGC1A;CPT1B;ACADVL;HADHA;COX5A;COX6A2;SLC25A4;CKMT2;PDK4,9,14,0.7783927267927547,0.0010406750490458156,0.745054945054945,0.002230037316742074,True
SLC25A4,metabolic,GSE201437,PGC1A_oxidative_metabolism_module,PPARGC1A/PGC-1A,PPARGC1A;CPT1B;ACADVL;HADHA;NDUFA4;COX5A;COX6A2;CKMT2;PDK4,9,14,0.7921605407567036,0.0007314012229793785,0.7406593406593407,0.002445197640446023,True
ATP2A2,calcium_electrophysiology,GSE201437,TBX5_electrophysiology_module,TBX5,TBX5;SCN5A;KCNQ1;KCNH2;GJA1;CACNA1C;RYR2;PLN,8,14,0.6671045483857387,0.009155015913982895,0.7362637362637363,0.0026764473596131958,True
ACADVL,metabolic,GSE201437,PGC1A_oxidative_metabolism_module,PPARGC1A/PGC-1A,PPARGC1A;CPT1B;HADHA;NDUFA4;COX5A;COX6A2;SLC25A4;CKMT2;PDK4,9,14,0.6971960906352835,0.005580695079169972,0.7230769230769231,0.0034752946180943048,True
SCN5A,calcium_electrophysiology,GSE201437,NKX2_5_cardiac_identity_module,NKX2-5,NKX2-5;GATA4;TBX5;HAND2;ISL1;TNNT2;MYH6;MYH7;NPPA;NPPB,10,14,0.7537299070321914,0.0018494492437135018,0.7230769230769231,0.0034752946180943048,True
PLN,calcium_electrophysiology,GSE201437,PGC1A_oxidative_metabolism_module,PPARGC1A/PGC-1A,PPARGC1A;CPT1B;ACADVL;HADHA;NDUFA4;COX5A;COX6A2;SLC25A4;CKMT2;PDK4,10,14,0.764284735981452,0.0014579137260687775,0.7186813186813187,0.0037795799614122904,True
ATP2A2,calcium_electrophysiology,GSE201437,HIF1A_glycolysis_stress_module,HIF1A,HIF1A;SLC2A1;LDHA;HK2;PDK1;PDK4;VEGFA;BNIP3,8,14,0.6778095671487869,0.00772477603549351,0.6835164835164835,0.007036743639884643,True
PPARGC1A,metabolic,GSE201437,PGC1A_oxidative_metabolism_module,PPARGC1A/PGC-1A,CPT1B;ACADVL;HADHA;NDUFA4;COX5A;COX6A2;SLC25A4;CKMT2;PDK4,9,14,0.5970354292905952,0.02418215220202512,0.6791208791208792,0.00756225703114548,True
PLN,calcium_electrophysiology,GSE201437,SRF_sarcomere_module,SRF,ACTN2;TNNT2;TNNI3;MYH6;MYH7;MYL2;MYL7;TTN;MYBPC3;TNNC1,10,14,0.6352945285359003,0.014631371778330725,0.6747252747252748,0.008117706397553257,True
CASQ2,calcium_electrophysiology,GSE201437,HIF1A_glycolysis_stress_module,HIF1A,HIF1A;SLC2A1;LDHA;HK2;PDK1;PDK4;VEGFA;BNIP3,8,14,-0.4836091315853275,0.07976998175299918,-0.665934065934066,0.009322999096841764,True
PLN,calcium_electrophysiology,GSE201437,MEF2_contractile_module,MEF2,MYH6;MYH7;TNNT2;TNNI3;ACTN2;MYL2;MYL7;TTN;ATP2A2;RYR2,10,14,0.5948536524484977,0.024840722315934795,0.6527472527472528,0.011384573997954192,True
RYR2,calcium_electrophysiology,GSE201437,TBX5_electrophysiology_module,TBX5,TBX5;SCN5A;KCNQ1;KCNH2;GJA1;CACNA1C;ATP2A2;PLN,8,14,0.6106936781042268,0.020352705522074993,0.6527472527472528,0.011384573997954192,True
PPARGC1A,metabolic,GSE201437,SRF_sarcomere_module,SRF,ACTN2;TNNT2;TNNI3;MYH6;MYH7;MYL2;MYL7;TTN;MYBPC3;TNNC1,10,14,0.5627792135832546,0.03615208241616856,0.6527472527472528,0.011384573997954192,True
COX5A,metabolic,GSE201437,SRF_sarcomere_module,SRF,ACTN2;TNNT2;TNNI3;MYH6;MYH7;MYL2;MYL7;TTN;MYBPC3;TNNC1,10,14,0.6813723462632573,0.007289415893836065,0.6439560439560439,0.01294215255932295,True
CACNA1C,calcium_electrophysiology,GSE201437,NKX2_5_cardiac_identity_module,NKX2-5,NKX2-5;GATA4;TBX5;HAND2;ISL1;TNNT2;MYH6;MYH7;NPPA;NPPB,10,14,0.6423756521605268,0.013238636163081257,0.6263736263736264,0.01654193542887119,True
COX5A,metabolic,GSE201437,MEF2_contractile_module,MEF2,MYH6;MYH7;TNNT2;TNNI3;ACTN2;MYL2;MYL7;TTN;ATP2A2;RYR2,10,14,0.5706390433177809,0.03308453114905642,0.6263736263736264,0.01654193542887119,True
NDUFA4,metabolic,GSE201437,SRF_sarcomere_module,SRF,ACTN2;TNNT2;TNNI3;MYH6;MYH7;MYL2;MYL7;TTN;MYBPC3;TNNC1,10,14,0.6866404348141762,0.006680841815691419,0.621978021978022,0.017550315290540023,True
PPARGC1A,metabolic,GSE201437,MEF2_contractile_module,MEF2,MYH6;MYH7;TNNT2;TNNI3;ACTN2;MYL2;MYL7;TTN;ATP2A2;RYR2,10,14,0.6355282505041618,0.014583690986980358,0.6131868131868132,0.01970633192603883,True
ACADVL,metabolic,GSE201437,GATA4_cardiac_program_module,GATA4,GATA4;NKX2-5;TBX5;HAND2;TNNT2;MYH6;MYH7;MYL2;NPPA;NPPB,10,14,0.5770723443738888,0.03072096458881203,0.6087912087912088,0.02085661601722323,True
GJA1,calcium_electrophysiology,GSE201437,HIF1A_glycolysis_stress_module,HIF1A,HIF1A;SLC2A1;LDHA;HK2;PDK1;PDK4;VEGFA;BNIP3,8,14,0.5517664712718897,0.040796978192379485,0.6,0.023308410879999998,True
COX6A2,metabolic,GSE201437,MEF2_contractile_module,MEF2,MYH6;MYH7;TNNT2;TNNI3;ACTN2;MYL2;MYL7;TTN;ATP2A2;RYR2,10,14,0.5944153942368482,0.024974616933196893,0.5912087912087912,0.025970813668962513,False
COX6A2,metabolic,GSE201437,SRF_sarcomere_module,SRF,ACTN2;TNNT2;TNNI3;MYH6;MYH7;MYL2;MYL7;TTN;MYBPC3;TNNC1,10,14,0.6393814670204738,0.013814571056225126,0.5868131868131868,0.02738437553108773,False
SLC25A4,metabolic,GSE201437,GATA4_cardiac_program_module,GATA4,GATA4;NKX2-5;TBX5;HAND2;TNNT2;MYH6;MYH7;MYL2;NPPA;NPPB,10,14,0.5518640558482065,0.04075398894297821,0.5780219780219781,0.030383014145237,False
CPT1B,metabolic,GSE201437,TBX5_electrophysiology_module,TBX5,TBX5;SCN5A;KCNQ1;KCNH2;GJA1;CACNA1C;RYR2;ATP2A2;PLN,9,14,0.5700518914206013,0.033306768482372164,0.5692307692307692,0.03361941707727026,False
NDUFA4,metabolic,GSE201437,MEF2_contractile_module,MEF2,MYH6;MYH7;TNNT2;TNNI3;ACTN2;MYL2;MYL7;TTN;ATP2A2;RYR2,10,14,0.49888299663461194,0.0693752421862587,0.5692307692307692,0.03361941707727026,False
GJA1,calcium_electrophysiology,GSE201437,YAP_TEAD_proliferation_module,YAP/TEAD,TEAD1;TEAD2;YAP1;WWTR1;ANKRD1;MKI67;TOP2A;PCNA,8,14,-0.6774404274734018,0.007771010464297056,-0.5692307692307692,0.03361941707727026,False
CASQ2,calcium_electrophysiology,GSE201437,YAP_TEAD_proliferation_module,YAP/TEAD,TEAD1;TEAD2;YAP1;WWTR1;ANKRD1;MKI67;TOP2A;PCNA,8,14,0.43794637138290116,0.11729907753587578,0.5428571428571429,0.04486396643924867,False
COX6A2,metabolic,GSE201437,GATA4_cardiac_program_module,GATA4,GATA4;NKX2-5;TBX5;HAND2;TNNT2;MYH6;MYH7;MYL2;NPPA;NPPB,10,14,0.47404355218060595,0.0868125710941836,0.5340659340659341,0.04915991637198507,False
SCN5A,calcium_electrophysiology,GSE201437,PGC1A_oxidative_metabolism_module,PPARGC1A/PGC-1A,PPARGC1A;CPT1B;ACADVL;HADHA;NDUFA4;COX5A;COX6A2;SLC25A4;CKMT2;PDK4,10,14,0.5766723098787663,0.030864160509856367,0.5296703296703297,0.05141659813787072,False
ACADVL,metabolic,GSE201437,NKX2_5_cardiac_identity_module,NKX2-5,NKX2-5;GATA4;TBX5;HAND2;ISL1;TNNT2;MYH6;MYH7;NPPA;NPPB,10,14,0.6159626168912127,0.019005066537701176,0.5252747252747253,0.05374750176788302,False
RYR2,calcium_electrophysiology,GSE201437,HIF1A_glycolysis_stress_module,HIF1A,HIF1A;SLC2A1;LDHA;HK2;PDK1;PDK4;VEGFA;BNIP3,8,14,0.3977210130149571,0.15904366594317126,0.5208791208791209,0.05615392734370263,False
KCNH2,calcium_electrophysiology,GSE201437,MEF2_contractile_module,MEF2,MYH6;MYH7;TNNT2;TNNI3;ACTN2;MYL2;MYL7;TTN;ATP2A2;RYR2,10,14,0.4684831997048057,0.09110056259684138,0.5164835164835165,0.058637163441278416,False
CKMT2,metabolic,GSE201437,YAP_TEAD_proliferation_module,YAP/TEAD,TEAD1;TEAD2;YAP1;WWTR1;ANKRD1;MKI67;TOP2A;PCNA,8,14,-0.558396357350538,0.03795122528361195,-0.5032967032967033,0.06656042759911303,False
KCNH2,calcium_electrophysiology,GSE201437,SRF_sarcomere_module,SRF,ACTN2;TNNT2;TNNI3;MYH6;MYH7;MYL2;MYL7;TTN;MYBPC3;TNNC1,10,14,0.41561344686665636,0.13942579723083454,0.49890109890109896,0.0693635273971548,False
PLN,calcium_electrophysiology,GSE201437,GATA4_cardiac_program_module,GATA4,GATA4;NKX2-5;TBX5;HAND2;TNNT2;MYH6;MYH7;MYL2;NPPA;NPPB,10,14,0.44882888327321935,0.10743793740016062,0.4813186813186813,0.08141829504280487,False
CACNA1C,calcium_electrophysiology,GSE201437,GATA4_cardiac_program_module,GATA4,GATA4;NKX2-5;TBX5;HAND2;TNNT2;MYH6;MYH7;MYL2;NPPA;NPPB,10,14,0.5607272604899465,0.03698637685650775,0.4813186813186813,0.08141829504280487,False
ACADVL,metabolic,GSE201437,SRF_sarcomere_module,SRF,ACTN2;TNNT2;TNNI3;MYH6;MYH7;MYL2;MYL7;TTN;MYBPC3;TNNC1,10,14,0.5014662331579413,0.06771771470503302,0.4813186813186813,0.08141829504280487,False
PPARGC1A,metabolic,GSE201437,HIF1A_glycolysis_stress_module,HIF1A,HIF1A;SLC2A1;LDHA;HK2;PDK1;PDK4;VEGFA;BNIP3,8,14,0.41971722143166046,0.13516578218994924,0.4769230769230769,0.0846484341946867,False
CKMT2,metabolic,GSE201437,HIF1A_glycolysis_stress_module,HIF1A,HIF1A;SLC2A1;LDHA;HK2;PDK1;PDK4;VEGFA;BNIP3,8,14,0.5478562798660527,0.0425470983661973,0.4769230769230769,0.0846484341946867,False
ACADVL,metabolic,GSE201437,MEF2_contractile_module,MEF2,MYH6;MYH7;TNNT2;TNNI3;ACTN2;MYL2;MYL7;TTN;ATP2A2;RYR2,10,14,0.5229301539949719,0.05502158463896281,0.47252747252747257,0.0879674246125423,False
ATP2A2,calcium_electrophysiology,GSE201437,NKX2_5_cardiac_identity_module,NKX2-5,NKX2-5;GATA4;TBX5;HAND2;ISL1;TNNT2;MYH6;MYH7;NPPA;NPPB,10,14,0.47134650755377555,0.08887442095751004,0.4593406593406593,0.09846837616829025,False
ACADVL,metabolic,GSE201437,YAP_TEAD_proliferation_module,YAP/TEAD,TEAD1;TEAD2;YAP1;WWTR1;ANKRD1;MKI67;TOP2A;PCNA,8,14,-0.4500482546375238,0.10636972504950068,-0.4593406593406593,0.09846837616829025,False
KCNH2,calcium_electrophysiology,GSE201437,NKX2_5_cardiac_identity_module,NKX2-5,NKX2-5;GATA4;TBX5;HAND2;ISL1;TNNT2;MYH6;MYH7;NPPA;NPPB,10,14,0.34120612684851737,0.23251806648744017,0.4593406593406593,0.09846837616829025,False
COX5A,metabolic,GSE201437,YAP_TEAD_proliferation_module,YAP/TEAD,TEAD1;TEAD2;YAP1;WWTR1;ANKRD1;MKI67;TOP2A;PCNA,8,14,-0.4739043041898039,0.0869181963007225,-0.4593406593406593,0.09846837616829025,False
ATP2A2,calcium_electrophysiology,GSE201437,PGC1A_oxidative_metabolism_module,PPARGC1A/PGC-1A,PPARGC1A;CPT1B;ACADVL;HADHA;NDUFA4;COX5A;COX6A2;SLC25A4;CKMT2;PDK4,10,14,0.4238830966618201,0.13093144973470866,0.45054945054945056,0.10593278527264063,False
COX5A,metabolic,GSE201437,GATA4_cardiac_program_module,GATA4,GATA4;NKX2-5;TBX5;HAND2;TNNT2;MYH6;MYH7;MYL2;NPPA;NPPB,10,14,0.4729709759370402,0.08762848647224095,0.45054945054945056,0.10593278527264063,False
GJA1,calcium_electrophysiology,GSE201437,PGC1A_oxidative_metabolism_module,PPARGC1A/PGC-1A,PPARGC1A;CPT1B;ACADVL;HADHA;NDUFA4;COX5A;COX6A2;SLC25A4;CKMT2;PDK4,10,14,0.5133800113935192,0.06043740070284601,0.44175824175824174,0.11377750302872346,False
CACNA1C,calcium_electrophysiology,GSE201437,HIF1A_glycolysis_stress_module,HIF1A,HIF1A;SLC2A1;LDHA;HK2;PDK1;PDK4;VEGFA;BNIP3,8,14,0.42546821737583296,0.1293440006611065,0.43736263736263736,0.11784483174447688,False
ATP2A2,calcium_electrophysiology,GSE201437,GATA4_cardiac_program_module,GATA4,GATA4;NKX2-5;TBX5;HAND2;TNNT2;MYH6;MYH7;MYL2;NPPA;NPPB,10,14,0.3457723834507708,0.22591973603707843,0.43736263736263736,0.11784483174447688,False
RYR2,calcium_electrophysiology,GSE201437,NKX2_5_cardiac_identity_module,NKX2-5,NKX2-5;GATA4;TBX5;HAND2;ISL1;TNNT2;MYH6;MYH7;NPPA;NPPB,10,14,0.34615738753378295,0.22536876015929364,0.4241758241758242,0.13063731043811044,False
PPARGC1A,metabolic,GSE201437,GATA4_cardiac_program_module,GATA4,GATA4;NKX2-5;TBX5;HAND2;TNNT2;MYH6;MYH7;MYL2;NPPA;NPPB,10,14,0.4780726723490305,0.0837951113951911,0.4241758241758242,0.13063731043811044,False
KCNH2,calcium_electrophysiology,GSE201437,GATA4_cardiac_program_module,GATA4,GATA4;NKX2-5;TBX5;HAND2;TNNT2;MYH6;MYH7;MYL2;NPPA;NPPB,10,14,0.44649742410832205,0.10950084607555668,0.4197802197802198,0.13510107382914255,False
SLC25A4,metabolic,GSE201437,NKX2_5_cardiac_identity_module,NKX2-5,NKX2-5;GATA4;TBX5;HAND2;ISL1;TNNT2;MYH6;MYH7;NPPA;NPPB,10,14,0.41645843402567334,0.1385414038967278,0.4153846153846154,0.1396659475175258,False
SLC25A4,metabolic,GSE201437,YAP_TEAD_proliferation_module,YAP/TEAD,TEAD1;TEAD2;YAP1;WWTR1;ANKRD1;MKI67;TOP2A;PCNA,8,14,-0.39343093613310426,0.16400314740947936,-0.3934065934065934,0.16403157340077779,False
CPT1B,metabolic,GSE201437,PGC1A_oxidative_metabolism_module,PPARGC1A/PGC-1A,PPARGC1A;ACADVL;HADHA;NDUFA4;COX5A;COX6A2;SLC25A4;CKMT2;PDK4,9,14,0.4562539038507941,0.10104643057046692,0.38461538461538464,0.1745087507750955,False
COX6A2,metabolic,GSE201437,HIF1A_glycolysis_stress_module,HIF1A,HIF1A;SLC2A1;LDHA;HK2;PDK1;PDK4;VEGFA;BNIP3,8,14,0.4049289632326521,0.15093478280339234,0.3758241758241759,0.18541002869712306,False
COX6A2,metabolic,GSE201437,YAP_TEAD_proliferation_module,YAP/TEAD,TEAD1;TEAD2;YAP1;WWTR1;ANKRD1;MKI67;TOP2A;PCNA,8,14,-0.435181766229354,0.11989909094015233,-0.367032967032967,0.19673887170748847,False
KCNQ1,calcium_electrophysiology,GSE201437,YAP_TEAD_proliferation_module,YAP/TEAD,TEAD1;TEAD2;YAP1;WWTR1;ANKRD1;MKI67;TOP2A;PCNA,8,14,0.08782721871963603,0.765277372647503,-0.35824175824175825,0.208498124790767,False
NDUFA4,metabolic,GSE201437,YAP_TEAD_proliferation_module,YAP/TEAD,TEAD1;TEAD2;YAP1;WWTR1;ANKRD1;MKI67;TOP2A;PCNA,8,14,-0.37950605131927456,0.18079257706878646,-0.35824175824175825,0.208498124790767,False
PPARGC1A,metabolic,GSE201437,NKX2_5_cardiac_identity_module,NKX2-5,NKX2-5;GATA4;TBX5;HAND2;ISL1;TNNT2;MYH6;MYH7;NPPA;NPPB,10,14,0.3816211317294253,0.17817387429280446,0.3494505494505495,0.22068999774644735,False
PPARGC1A,metabolic,GSE201437,TBX5_electrophysiology_module,TBX5,TBX5;SCN5A;KCNQ1;KCNH2;GJA1;CACNA1C;RYR2;ATP2A2;PLN,9,14,0.45877272941432445,0.09893925340692832,0.3494505494505495,0.22068999774644735,False
CKMT2,metabolic,GSE201437,MEF2_contractile_module,MEF2,MYH6;MYH7;TNNT2;TNNI3;ACTN2;MYL2;MYL7;TTN;ATP2A2;RYR2,10,14,0.3346808612216954,0.24215094064837303,0.3494505494505495,0.22068999774644735,False
COX6A2,metabolic,GSE201437,NKX2_5_cardiac_identity_module,NKX2-5,NKX2-5;GATA4;TBX5;HAND2;ISL1;TNNT2;MYH6;MYH7;NPPA;NPPB,10,14,0.37860064952762706,0.18192110277827706,0.3450549450549451,0.2269486800417004,False
PDK4,metabolic,GSE201437,SRF_sarcomere_module,SRF,ACTN2;TNNT2;TNNI3;MYH6;MYH7;MYL2;MYL7;TTN;MYBPC3;TNNC1,10,14,-0.4233701890625668,0.13144790471383638,-0.3362637362637363,0.23979220225725295,False
CACNA1C,calcium_electrophysiology,GSE201437,MEF2_contractile_module,MEF2,MYH6;MYH7;TNNT2;TNNI3;ACTN2;MYL2;MYL7;TTN;ATP2A2;RYR2,10,14,0.5061452184557801,0.06478768852362657,0.3362637362637363,0.23979220225725295,False
NDUFA4,metabolic,GSE201437,GATA4_cardiac_program_module,GATA4,GATA4;NKX2-5;TBX5;HAND2;TNNT2;MYH6;MYH7;MYL2;NPPA;NPPB,10,14,0.37704257280939424,0.1838737412843021,0.3318681318681319,0.2463771831496116,False
KCNQ1,calcium_electrophysiology,GSE201437,HIF1A_glycolysis_stress_module,HIF1A,HIF1A;SLC2A1;LDHA;HK2;PDK1;PDK4;VEGFA;BNIP3,8,14,0.4123860051197867,0.14283842478519415,0.3274725274725274,0.25307100077194056,False
SLC25A4,metabolic,GSE201437,HIF1A_glycolysis_stress_module,HIF1A,HIF1A;SLC2A1;LDHA;HK2;PDK1;PDK4;VEGFA;BNIP3,8,14,0.3183729450203805,0.26727390439017046,0.3274725274725274,0.25307100077194056,False
COX5A,metabolic,GSE201437,HIF1A_glycolysis_stress_module,HIF1A,HIF1A;SLC2A1;LDHA;HK2;PDK1;PDK4;VEGFA;BNIP3,8,14,0.35803504787456025,0.20877982206122617,0.3230769230769231,0.2598736195087899,False
RYR2,calcium_electrophysiology,GSE201437,YAP_TEAD_proliferation_module,YAP/TEAD,TEAD1;TEAD2;YAP1;WWTR1;ANKRD1;MKI67;TOP2A;PCNA,8,14,0.30647231481570997,0.2865507437580321,0.3098901098901099,0.2809332808692584,False
PPARGC1A,metabolic,GSE201437,YAP_TEAD_proliferation_module,YAP/TEAD,TEAD1;TEAD2;YAP1;WWTR1;ANKRD1;MKI67;TOP2A;PCNA,8,14,-0.40732901360841156,0.14829662485964662,-0.3098901098901099,0.2809332808692584,False
CASQ2,calcium_electrophysiology,GSE201437,SRF_sarcomere_module,SRF,ACTN2;TNNT2;TNNI3;MYH6;MYH7;MYL2;MYL7;TTN;MYBPC3;TNNC1,10,14,0.2724019000156668,0.34609262607825153,0.3098901098901099,0.2809332808692584,False
CPT1B,metabolic,GSE201437,NKX2_5_cardiac_identity_module,NKX2-5,NKX2-5;GATA4;TBX5;HAND2;ISL1;TNNT2;MYH6;MYH7;NPPA;NPPB,10,14,0.31612624263728806,0.2708523046067353,0.3054945054945055,0.2881698858754571,False
ACADVL,metabolic,GSE201437,TBX5_electrophysiology_module,TBX5,TBX5;SCN5A;KCNQ1;KCNH2;GJA1;CACNA1C;RYR2;ATP2A2;PLN,9,14,0.4049235584127881,0.15094075860362494,0.3010989010989011,0.2955144656072167,False
COX5A,metabolic,GSE201437,NKX2_5_cardiac_identity_module,NKX2-5,NKX2-5;GATA4;TBX5;HAND2;ISL1;TNNT2;MYH6;MYH7;NPPA;NPPB,10,14,0.35195874283261247,0.21716736076563345,0.2879120879120879,0.31819287102579996,False
CKMT2,metabolic,GSE201437,SRF_sarcomere_module,SRF,ACTN2;TNNT2;TNNI3;MYH6;MYH7;MYL2;MYL7;TTN;MYBPC3;TNNC1,10,14,0.3423013981971557,0.23092468030609267,0.27912087912087913,0.3338450771945543,False
RYR2,calcium_electrophysiology,GSE201437,GATA4_cardiac_program_module,GATA4,GATA4;NKX2-5;TBX5;HAND2;TNNT2;MYH6;MYH7;MYL2;NPPA;NPPB,10,14,0.2081556739822087,0.47515650848842594,0.27472527472527475,0.34182974371948144,False
ATP2A2,calcium_electrophysiology,GSE201437,MEF2_contractile_module,MEF2,MYH6;MYH7;TNNT2;TNNI3;ACTN2;MYL2;MYL7;TTN;RYR2,9,14,0.2442849162682688,0.3999700235325927,0.2703296703296703,0.34991938634960434,False
CASQ2,calcium_electrophysiology,GSE201437,GATA4_cardiac_program_module,GATA4,GATA4;NKX2-5;TBX5;HAND2;TNNT2;MYH6;MYH7;MYL2;NPPA;NPPB,10,14,0.26670200304877767,0.35667436302912486,0.2703296703296703,0.34991938634960434,False
CASQ2,calcium_electrophysiology,GSE201437,TBX5_electrophysiology_module,TBX5,TBX5;SCN5A;KCNQ1;KCNH2;GJA1;CACNA1C;RYR2;ATP2A2;PLN,9,14,-0.15235510125998444,0.603088442832812,-0.2571428571428571,0.3748119038799704,False
ACADVL,metabolic,GSE201437,HIF1A_glycolysis_stress_module,HIF1A,HIF1A;SLC2A1;LDHA;HK2;PDK1;PDK4;VEGFA;BNIP3,8,14,0.2517693438104044,0.38522050944494246,0.2527472527472528,0.38331496447851127,False
PLN,calcium_electrophysiology,GSE201437,NKX2_5_cardiac_identity_module,NKX2-5,NKX2-5;GATA4;TBX5;HAND2;ISL1;TNNT2;MYH6;MYH7;NPPA;NPPB,10,14,0.2393803281603706,0.40979280030923165,0.24835164835164836,0.3919195389384575,False
ATP2A2,calcium_electrophysiology,GSE201437,YAP_TEAD_proliferation_module,YAP/TEAD,TEAD1;TEAD2;YAP1;WWTR1;ANKRD1;MKI67;TOP2A;PCNA,8,14,-0.2263686625405684,0.43644512415246794,-0.24395604395604395,0.400624803916119,False
CKMT2,metabolic,GSE201437,GATA4_cardiac_program_module,GATA4,GATA4;NKX2-5;TBX5;HAND2;TNNT2;MYH6;MYH7;MYL2;NPPA;NPPB,10,14,0.2572958353316635,0.3745178133922973,0.23956043956043957,0.4094298928517327,False
CASQ2,calcium_electrophysiology,GSE201437,MEF2_contractile_module,MEF2,MYH6;MYH7;TNNT2;TNNI3;ACTN2;MYL2;MYL7;TTN;ATP2A2;RYR2,10,14,0.25893706646566694,0.3713704585994909,0.2351648351648352,0.4183338961985915,False
CPT1B,metabolic,GSE201437,GATA4_cardiac_program_module,GATA4,GATA4;NKX2-5;TBX5;HAND2;TNNT2;MYH6;MYH7;MYL2;NPPA;NPPB,10,14,0.2714668719063429,0.34781645442200065,0.2351648351648352,0.4183338961985915,False
RYR2,calcium_electrophysiology,GSE201437,PGC1A_oxidative_metabolism_module,PPARGC1A/PGC-1A,PPARGC1A;CPT1B;ACADVL;HADHA;NDUFA4;COX5A;COX6A2;SLC25A4;CKMT2;PDK4,10,14,-0.23932146647389874,0.40991143704374444,-0.22637362637362637,0.4364347945560527,False
KCNQ1,calcium_electrophysiology,GSE201437,TBX5_electrophysiology_module,TBX5,TBX5;SCN5A;KCNH2;GJA1;CACNA1C;RYR2;ATP2A2;PLN,8,14,0.01808478528790611,0.9510705965195596,0.22637362637362637,0.4364347945560527,False
HADHA,metabolic,GSE201437,MEF2_contractile_module,MEF2,MYH6;MYH7;TNNT2;TNNI3;ACTN2;MYL2;MYL7;TTN;ATP2A2;RYR2,10,14,-0.1775368961215409,0.5437152821929816,-0.221978021978022,0.445629657953609,False
CPT1B,metabolic,GSE201437,YAP_TEAD_proliferation_module,YAP/TEAD,TEAD1;TEAD2;YAP1;WWTR1;ANKRD1;MKI67;TOP2A;PCNA,8,14,-0.4188545462826554,0.13605396426539965,-0.2087912087912088,0.473778837309814,False
PDK4,metabolic,GSE201437,MEF2_contractile_module,MEF2,MYH6;MYH7;TNNT2;TNNI3;ACTN2;MYL2;MYL7;TTN;ATP2A2;RYR2,10,14,-0.1896239316788918,0.5161508362317834,-0.2,0.49300373504,False
GJA1,calcium_electrophysiology,GSE201437,MEF2_contractile_module,MEF2,MYH6;MYH7;TNNT2;TNNI3;ACTN2;MYL2;MYL7;TTN;ATP2A2;RYR2,10,14,0.18651562410401334,0.5231786339682234,0.2,0.49300373504,False
KCNQ1,calcium_electrophysiology,GSE201437,MEF2_contractile_module,MEF2,MYH6;MYH7;TNNT2;TNNI3;ACTN2;MYL2;MYL7;TTN;ATP2A2;RYR2,10,14,-0.18188975468609356,0.533715836268051,-0.1912087912087912,0.5125839704707786,False
SLC25A4,metabolic,GSE201437,TBX5_electrophysiology_module,TBX5,TBX5;SCN5A;KCNQ1;KCNH2;GJA1;CACNA1C;RYR2;ATP2A2;PLN,9,14,0.27230672189548955,0.3462678811210357,0.1912087912087912,0.5125839704707786,False
HADHA,metabolic,GSE201437,HIF1A_glycolysis_stress_module,HIF1A,HIF1A;SLC2A1;LDHA;HK2;PDK1;PDK4;VEGFA;BNIP3,8,14,-0.28718100265292734,0.31947833065055065,-0.1912087912087912,0.5125839704707786,False
KCNH2,calcium_electrophysiology,GSE201437,TBX5_electrophysiology_module,TBX5,TBX5;SCN5A;KCNQ1;GJA1;CACNA1C;RYR2;ATP2A2;PLN,8,14,-0.09608351807192628,0.7438569752575672,0.18681318681318684,0.5225040123791592,False
PDK4,metabolic,GSE201437,PGC1A_oxidative_metabolism_module,PPARGC1A/PGC-1A,PPARGC1A;CPT1B;ACADVL;HADHA;NDUFA4;COX5A;COX6A2;SLC25A4;CKMT2,9,14,-0.3420615849922609,0.23127297995347207,-0.178021978021978,0.5425969526062154,False
KCND3,calcium_electrophysiology,GSE201437,MEF2_contractile_module,MEF2,MYH6;MYH7;TNNT2;TNNI3;ACTN2;MYL2;MYL7;TTN;ATP2A2;RYR2,10,14,0.04294072049944497,0.8841145700172953,0.17614096918559585,0.5469390587457321,False
KCND3,calcium_electrophysiology,GSE201437,HIF1A_glycolysis_stress_module,HIF1A,HIF1A;SLC2A1;LDHA;HK2;PDK1;PDK4;VEGFA;BNIP3,8,14,0.2507962146252651,0.3871217196279943,0.17614096918559585,0.5469390587457321,False
PDK4,metabolic,GSE201437,HIF1A_glycolysis_stress_module,HIF1A,HIF1A;SLC2A1;LDHA;HK2;PDK1;VEGFA;BNIP3,7,14,-0.12378168593306846,0.6733202883045819,-0.17362637362637365,0.5527669411422413,False
KCNQ1,calcium_electrophysiology,GSE201437,SRF_sarcomere_module,SRF,ACTN2;TNNT2;TNNI3;MYH6;MYH7;MYL2;MYL7;TTN;MYBPC3;TNNC1,10,14,-0.24430770943823743,0.39992466335196664,-0.17362637362637365,0.5527669411422413,False
KCNQ1,calcium_electrophysiology,GSE201437,GATA4_cardiac_program_module,GATA4,GATA4;NKX2-5;TBX5;HAND2;TNNT2;MYH6;MYH7;MYL2;NPPA;NPPB,10,14,-0.2386378030347085,0.4112906705913759,-0.17362637362637365,0.5527669411422413,False
GJA1,calcium_electrophysiology,GSE201437,TBX5_electrophysiology_module,TBX5,TBX5;SCN5A;KCNQ1;KCNH2;CACNA1C;RYR2;ATP2A2;PLN,8,14,0.1214538823773478,0.6791620313211245,0.17362637362637365,0.5527669411422413,False
CASQ2,calcium_electrophysiology,GSE201437,PGC1A_oxidative_metabolism_module,PPARGC1A/PGC-1A,PPARGC1A;CPT1B;ACADVL;HADHA;NDUFA4;COX5A;COX6A2;SLC25A4;CKMT2;PDK4,10,14,-0.20710358421096553,0.47744134889765555,-0.16923076923076924,0.5630172739962107,False
PLN,calcium_electrophysiology,GSE201437,HIF1A_glycolysis_stress_module,HIF1A,HIF1A;SLC2A1;LDHA;HK2;PDK1;PDK4;VEGFA;BNIP3,8,14,0.18884780655366926,0.5179016403726092,0.16483516483516483,0.5733464050131384,False
KCNH2,calcium_electrophysiology,GSE201437,YAP_TEAD_proliferation_module,YAP/TEAD,TEAD1;TEAD2;YAP1;WWTR1;ANKRD1;MKI67;TOP2A;PCNA,8,14,0.3619744610730795,0.20345247128856545,0.16483516483516483,0.5733464050131384,False
HADHA,metabolic,GSE201437,TBX5_electrophysiology_module,TBX5,TBX5;SCN5A;KCNQ1;KCNH2;GJA1;CACNA1C;RYR2;ATP2A2;PLN,9,14,-0.23171149337849767,0.42539795784487106,-0.16483516483516483,0.5733464050131384,False
NDUFA4,metabolic,GSE201437,HIF1A_glycolysis_stress_module,HIF1A,HIF1A;SLC2A1;LDHA;HK2;PDK1;PDK4;VEGFA;BNIP3,8,14,0.0629458167838851,0.8307236054423421,0.16043956043956045,0.583752752641341,False
CASQ2,calcium_electrophysiology,GSE201437,NKX2_5_cardiac_identity_module,NKX2-5,NKX2-5;GATA4;TBX5;HAND2;ISL1;TNNT2;MYH6;MYH7;NPPA;NPPB,10,14,0.1340716225538301,0.6477054641400929,0.15164835164835166,0.6047905984521367,False
PDK4,metabolic,GSE201437,YAP_TEAD_proliferation_module,YAP/TEAD,TEAD1;TEAD2;YAP1;WWTR1;ANKRD1;MKI67;TOP2A;PCNA,8,14,0.17989500972604883,0.5382881553752816,0.14725274725274726,0.6154187624847253,False
ATP2A2,calcium_electrophysiology,GSE201437,SRF_sarcomere_module,SRF,ACTN2;TNNT2;TNNI3;MYH6;MYH7;MYL2;MYL7;TTN;MYBPC3;TNNC1,10,14,0.10635899546443114,0.7174380914816816,0.14285714285714285,0.6261174762253241,False
SCN5A,calcium_electrophysiology,GSE201437,TBX5_electrophysiology_module,TBX5,TBX5;KCNQ1;KCNH2;GJA1;CACNA1C;RYR2;ATP2A2;PLN,8,14,0.1788443604720612,0.5407032739436751,0.1384615384615385,0.6368849912650185,False
SCN5A,calcium_electrophysiology,GSE201437,YAP_TEAD_proliferation_module,YAP/TEAD,TEAD1;TEAD2;YAP1;WWTR1;ANKRD1;MKI67;TOP2A;PCNA,8,14,-0.044743040805040615,0.8792823484567773,0.1384615384615385,0.6368849912650185,False
KCNH2,calcium_electrophysiology,GSE201437,HIF1A_glycolysis_stress_module,HIF1A,HIF1A;SLC2A1;LDHA;HK2;PDK1;PDK4;VEGFA;BNIP3,8,14,-0.11632834359328265,0.6920836093522271,0.1252747252747253,0.6695823965448445,False
COX6A2,metabolic,GSE201437,TBX5_electrophysiology_module,TBX5,TBX5;SCN5A;KCNQ1;KCNH2;GJA1;CACNA1C;RYR2;ATP2A2;PLN,9,14,0.2860771967050272,0.32142472003661304,0.12087912087912088,0.6806070200628929,False
CACNA1C,calcium_electrophysiology,GSE201437,SRF_sarcomere_module,SRF,ACTN2;TNNT2;TNNI3;MYH6;MYH7;MYL2;MYL7;TTN;MYBPC3;TNNC1,10,14,0.1539810534730814,0.5991795855522684,0.1164835164835165,0.6916912502331575,False
NDUFA4,metabolic,GSE201437,NKX2_5_cardiac_identity_module,NKX2-5,NKX2-5;GATA4;TBX5;HAND2;ISL1;TNNT2;MYH6;MYH7;NPPA;NPPB,10,14,0.21501939253130015,0.4603794309498914,0.11208791208791209,0.7028331631967695,False
KCND3,calcium_electrophysiology,GSE201437,TBX5_electrophysiology_module,TBX5,TBX5;SCN5A;KCNQ1;KCNH2;GJA1;CACNA1C;RYR2;ATP2A2;PLN,9,14,0.07625261064005712,0.7955682516131264,0.1098021626092026,0.7086491974533018,False
RYR2,calcium_electrophysiology,GSE201437,SRF_sarcomere_module,SRF,ACTN2;TNNT2;TNNI3;MYH6;MYH7;MYL2;MYL7;TTN;MYBPC3;TNNC1,10,14,-0.1220847168833371,0.6775772495395269,-0.1076923076923077,0.7140308087262492,False
NDUFA4,metabolic,GSE201437,TBX5_electrophysiology_module,TBX5,TBX5;SCN5A;KCNQ1;KCNH2;GJA1;CACNA1C;RYR2;ATP2A2;PLN,9,14,-0.014635372357204421,0.9603957294233945,-0.1076923076923077,0.7140308087262492,False
SCN5A,calcium_electrophysiology,GSE201437,HIF1A_glycolysis_stress_module,HIF1A,HIF1A;SLC2A1;LDHA;HK2;PDK1;PDK4;VEGFA;BNIP3,8,14,0.10685426806891882,0.7161718471943161,0.1032967032967033,0.725282211088945,False
HADHA,metabolic,GSE201437,YAP_TEAD_proliferation_module,YAP/TEAD,TEAD1;TEAD2;YAP1;WWTR1;ANKRD1;MKI67;TOP2A;PCNA,8,14,0.05806956693752459,0.8436837631163372,0.1032967032967033,0.725282211088945,False
HADHA,metabolic,GSE201437,PGC1A_oxidative_metabolism_module,PPARGC1A/PGC-1A,PPARGC1A;CPT1B;ACADVL;NDUFA4;COX5A;COX6A2;SLC25A4;CKMT2;PDK4,9,14,-0.020721467770834952,0.94394646094239,0.0989010989010989,0.7365853699253173,False
PDK4,metabolic,GSE201437,NKX2_5_cardiac_identity_module,NKX2-5,NKX2-5;GATA4;TBX5;HAND2;ISL1;TNNT2;MYH6;MYH7;NPPA;NPPB,10,14,-0.047470926431255986,0.8719760576613462,-0.0945054945054945,0.7479382611415479,False
KCNQ1,calcium_electrophysiology,GSE201437,PGC1A_oxidative_metabolism_module,PPARGC1A/PGC-1A,PPARGC1A;CPT1B;ACADVL;HADHA;NDUFA4;COX5A;COX6A2;SLC25A4;CKMT2;PDK4,10,14,-0.08113382285371216,0.7827588772394241,0.0945054945054945,0.7479382611415479,False
HADHA,metabolic,GSE201437,NKX2_5_cardiac_identity_module,NKX2-5,NKX2-5;GATA4;TBX5;HAND2;ISL1;TNNT2;MYH6;MYH7;NPPA;NPPB,10,14,0.05649972171996348,0.8478641088146375,0.0857142857142857,0.7707850311186758,False
PLN,calcium_electrophysiology,GSE201437,TBX5_electrophysiology_module,TBX5,TBX5;SCN5A;KCNQ1;KCNH2;GJA1;CACNA1C;RYR2;ATP2A2,8,14,-0.05685651494833437,0.8469136726263269,-0.08131868131868132,0.7822747512440957,False
KCNQ1,calcium_electrophysiology,GSE201437,NKX2_5_cardiac_identity_module,NKX2-5,NKX2-5;GATA4;TBX5;HAND2;ISL1;TNNT2;MYH6;MYH7;NPPA;NPPB,10,14,-0.23693501656156618,0.41473627299222715,-0.08131868131868132,0.7822747512440957,False
CPT1B,metabolic,GSE201437,MEF2_contractile_module,MEF2,MYH6;MYH7;TNNT2;TNNI3;ACTN2;MYL2;MYL7;TTN;ATP2A2;RYR2,10,14,0.24187667968168866,0.40477771144567753,0.08131868131868132,0.7822747512440957,False
RYR2,calcium_electrophysiology,GSE201437,MEF2_contractile_module,MEF2,MYH6;MYH7;TNNT2;TNNI3;ACTN2;MYL2;MYL7;TTN;ATP2A2,9,14,0.056311879293949686,0.84836456625459,0.07692307692307693,0.7938058883554534,False
HADHA,metabolic,GSE201437,GATA4_cardiac_program_module,GATA4,GATA4;NKX2-5;TBX5;HAND2;TNNT2;MYH6;MYH7;MYL2;NPPA;NPPB,10,14,0.04291678876678065,0.884178759217054,0.07252747252747253,0.8053763135410923,False
COX5A,metabolic,GSE201437,TBX5_electrophysiology_module,TBX5,TBX5;SCN5A;KCNQ1;KCNH2;GJA1;CACNA1C;RYR2;ATP2A2;PLN,9,14,0.19004296672929039,0.5152066753352258,0.06373626373626373,0.8286264229286121,False
GJA1,calcium_electrophysiology,GSE201437,NKX2_5_cardiac_identity_module,NKX2-5,NKX2-5;GATA4;TBX5;HAND2;ISL1;TNNT2;MYH6;MYH7;NPPA;NPPB,10,14,0.18184219524904163,0.5338246524283001,-0.06373626373626373,0.8286264229286121,False
CPT1B,metabolic,GSE201437,SRF_sarcomere_module,SRF,ACTN2;TNNT2;TNNI3;MYH6;MYH7;MYL2;MYL7;TTN;MYBPC3;TNNC1,10,14,0.027881927513173567,0.9246204533248035,-0.05054945054945055,0.8637420361792153,False
CACNA1C,calcium_electrophysiology,GSE201437,YAP_TEAD_proliferation_module,YAP/TEAD,TEAD1;TEAD2;YAP1;WWTR1;ANKRD1;MKI67;TOP2A;PCNA,8,14,-0.07260388362754834,0.80517485530932,-0.04615384615384615,0.875502537632114,False
CKMT2,metabolic,GSE201437,NKX2_5_cardiac_identity_module,NKX2-5,NKX2-5;GATA4;TBX5;HAND2;ISL1;TNNT2;MYH6;MYH7;NPPA;NPPB,10,14,0.18528415509101784,0.5259746893296924,0.04615384615384615,0.875502537632114,False
KCND3,calcium_electrophysiology,GSE201437,SRF_sarcomere_module,SRF,ACTN2;TNNT2;TNNI3;MYH6;MYH7;MYL2;MYL7;TTN;MYBPC3;TNNC1,10,14,-0.05623129254456484,0.8485792850431357,-0.036600720869734205,0.9011415627133588,False
PLN,calcium_electrophysiology,GSE201437,YAP_TEAD_proliferation_module,YAP/TEAD,TEAD1;TEAD2;YAP1;WWTR1;ANKRD1;MKI67;TOP2A;PCNA,8,14,-0.18726385979700738,0.5214830055045272,-0.02857142857142857,0.9227613765698747,False
PDK4,metabolic,GSE201437,GATA4_cardiac_program_module,GATA4,GATA4;NKX2-5;TBX5;HAND2;TNNT2;MYH6;MYH7;MYL2;NPPA;NPPB,10,14,-0.03934302513791845,0.8937714464915778,-0.02857142857142857,0.9227613765698747,False
KCND3,calcium_electrophysiology,GSE201437,NKX2_5_cardiac_identity_module,NKX2-5,NKX2-5;GATA4;TBX5;HAND2;ISL1;TNNT2;MYH6;MYH7;NPPA;NPPB,10,14,-0.03693171301194326,0.900251596233197,-0.025162995597942266,0.9319548134512706,False
PDK4,metabolic,GSE201437,TBX5_electrophysiology_module,TBX5,TBX5;SCN5A;KCNQ1;KCNH2;GJA1;CACNA1C;RYR2;ATP2A2;PLN,9,14,0.09621510491584877,0.7435169291719308,0.02417582417582418,0.9346189946036425,False
KCNH2,calcium_electrophysiology,GSE201437,PGC1A_oxidative_metabolism_module,PPARGC1A/PGC-1A,PPARGC1A;CPT1B;ACADVL;HADHA;NDUFA4;COX5A;COX6A2;SLC25A4;CKMT2;PDK4,10,14,-0.15608189395296881,0.5941439134358466,-0.02417582417582418,0.9346189946036425,False
GJA1,calcium_electrophysiology,GSE201437,SRF_sarcomere_module,SRF,ACTN2;TNNT2;TNNI3;MYH6;MYH7;MYL2;MYL7;TTN;MYBPC3;TNNC1,10,14,0.04597429483669192,0.8759834537351603,0.01098901098901099,0.970258390096969,False
KCND3,calcium_electrophysiology,GSE201437,YAP_TEAD_proliferation_module,YAP/TEAD,TEAD1;TEAD2;YAP1;WWTR1;ANKRD1;MKI67;TOP2A;PCNA,8,14,-0.13698821875491776,0.6405091355760408,0.009150180217433551,0.9752336323164622,False
CACNA1C,calcium_electrophysiology,GSE201437,PGC1A_oxidative_metabolism_module,PPARGC1A/PGC-1A,PPARGC1A;CPT1B;ACADVL;HADHA;NDUFA4;COX5A;COX6A2;SLC25A4;CKMT2;PDK4,10,14,0.022011145984277503,0.9404632258448555,-0.006593406593406593,0.9821527354577906,False
CKMT2,metabolic,GSE201437,TBX5_electrophysiology_module,TBX5,TBX5;SCN5A;KCNQ1;KCNH2;GJA1;CACNA1C;RYR2;ATP2A2;PLN,9,14,0.1736990856084818,0.5525980516905153,-0.006593406593406593,0.9821527354577906,False
HADHA,metabolic,GSE201437,SRF_sarcomere_module,SRF,ACTN2;TNNT2;TNNI3;MYH6;MYH7;MYL2;MYL7;TTN;MYBPC3;TNNC1,10,14,-0.04006786119788873,0.8918247112523803,0.006593406593406593,0.9821527354577906,False
KCND3,calcium_electrophysiology,GSE201437,PGC1A_oxidative_metabolism_module,PPARGC1A/PGC-1A,PPARGC1A;CPT1B;ACADVL;HADHA;NDUFA4;COX5A;COX6A2;SLC25A4;CKMT2;PDK4,10,14,0.019085647707500788,0.9483659077815264,0.004575090108716776,0.9876155201502155,False
KCND3,calcium_electrophysiology,GSE201437,GATA4_cardiac_program_module,GATA4,GATA4;NKX2-5;TBX5;HAND2;TNNT2;MYH6;MYH7;MYL2;NPPA;NPPB,10,14,-0.048333484836619846,0.8696677525347756,0.002287545054358388,0.993807598058846,False
GJA1,calcium_electrophysiology,GSE201437,GATA4_cardiac_program_module,GATA4,GATA4;NKX2-5;TBX5;HAND2;TNNT2;MYH6;MYH7;MYL2;NPPA;NPPB,10,14,0.08823710394812945,0.7642101334027466,-0.002197802197802198,0.9940505286658997,False
