feature_gene,feature_panel,gse175634_pseudobulk_auc,gse175634_high_minus_low_delta,independent_dataset,tf,top_tf_module,top_tf_module_spearman_r,top_tf_module_spearman_p,top_tf_module_pearson_r,module_genes_used,regulon_expression_support,motif_target_support,motif_target_overlap_genes,motif_target_fisher_p,virtual_cistrome_support,virtual_cistrome_dataset,virtual_cistrome_match,virtual_cistrome_support_score,direct_chip_or_atac_validation,mechanistic_support_count,mechanistic_status,interpretation
CACNA1C,calcium_electrophysiology,0.827485380116959,0.10908948747448555,GSE201437,TBX5,TBX5_electrophysiology_module,0.7846153846153847,0.000890073974907857,0.7920504332153416,TBX5;SCN5A;KCNQ1;KCNH2;GJA1;RYR2;ATP2A2;PLN,True,True,ATP2A2;CACNA1C;KCNH2;KCNQ1;PLN;RYR2,0.006105511689604192,True,GSE77548,cross_species_cardiac_footprint,0.7,available_not_yet_run: GSE77548 cardiac ChIP-exo footprints; cross-species validation,3,three_channel_mechanistic_bridge,"CACNA1C has GSE175634 pseudo-bulk AUC 0.827 for the structural endpoint and correlates with TBX5_electrophysiology_module in independent GSE201437 RNA-seq (Spearman r=0.785, p=0.00089); motif-target support=yes; virtual-cistrome support=yes; status=three_channel_mechanistic_bridge."
ATP2A2,calcium_electrophysiology,0.8128654970760234,0.22255493957251565,GSE201437,TBX5,TBX5_electrophysiology_module,0.7362637362637363,0.0026764473596131958,0.6671045483857387,TBX5;SCN5A;KCNQ1;KCNH2;GJA1;CACNA1C;RYR2;PLN,True,True,ATP2A2;CACNA1C;KCNH2;KCNQ1;PLN;RYR2,0.006105511689604192,True,GSE77548,cross_species_cardiac_footprint,0.7,available_not_yet_run: GSE77548 cardiac ChIP-exo footprints; cross-species validation,3,three_channel_mechanistic_bridge,"ATP2A2 has GSE175634 pseudo-bulk AUC 0.813 for the structural endpoint and correlates with TBX5_electrophysiology_module in independent GSE201437 RNA-seq (Spearman r=0.736, p=0.00268); motif-target support=yes; virtual-cistrome support=yes; status=three_channel_mechanistic_bridge."
RYR2,calcium_electrophysiology,0.8771929824561403,0.30113750425389574,GSE201437,TBX5,TBX5_electrophysiology_module,0.6527472527472528,0.011384573997954192,0.6106936781042268,TBX5;SCN5A;KCNQ1;KCNH2;GJA1;CACNA1C;ATP2A2;PLN,True,True,ATP2A2;CACNA1C;KCNH2;KCNQ1;PLN;RYR2,0.006105511689604192,True,GSE77548,cross_species_cardiac_footprint,0.7,available_not_yet_run: GSE77548 cardiac ChIP-exo footprints; cross-species validation,3,three_channel_mechanistic_bridge,"RYR2 has GSE175634 pseudo-bulk AUC 0.877 for the structural endpoint and correlates with TBX5_electrophysiology_module in independent GSE201437 RNA-seq (Spearman r=0.653, p=0.0114); motif-target support=yes; virtual-cistrome support=yes; status=three_channel_mechanistic_bridge."
COX6A2,metabolic,0.9590643274853801,0.1967027679560166,GSE201437,PPARGC1A/PGC-1A,PGC1A_oxidative_metabolism_module,0.9032967032967033,9.55865940105556e-06,0.8931292041564545,PPARGC1A;CPT1B;ACADVL;HADHA;NDUFA4;COX5A;SLC25A4;CKMT2;PDK4,True,True,ACADVL;COX6A2;CPT1B;PDK4;PPARGC1A;SLC25A4,0.012986480962447637,False,not_found_in_current_inventory,missing,0.0,not_available_in_current_inventory,2,two_channel_mechanistic_bridge,"COX6A2 has GSE175634 pseudo-bulk AUC 0.959 for the structural endpoint and correlates with PGC1A_oxidative_metabolism_module in independent GSE201437 RNA-seq (Spearman r=0.903, p=9.56e-06); motif-target support=yes; virtual-cistrome support=no; status=two_channel_mechanistic_bridge."
SLC25A4,metabolic,0.7076023391812866,0.18385604288981017,GSE201437,PPARGC1A/PGC-1A,PGC1A_oxidative_metabolism_module,0.7406593406593407,0.002445197640446023,0.7921605407567036,PPARGC1A;CPT1B;ACADVL;HADHA;NDUFA4;COX5A;COX6A2;CKMT2;PDK4,True,True,ACADVL;COX6A2;CPT1B;PDK4;PPARGC1A;SLC25A4,0.012986480962447637,False,not_found_in_current_inventory,missing,0.0,not_available_in_current_inventory,2,two_channel_mechanistic_bridge,"SLC25A4 has GSE175634 pseudo-bulk AUC 0.708 for the structural endpoint and correlates with PGC1A_oxidative_metabolism_module in independent GSE201437 RNA-seq (Spearman r=0.741, p=0.00245); motif-target support=yes; virtual-cistrome support=no; status=two_channel_mechanistic_bridge."
ACADVL,metabolic,0.783625730994152,0.09890595757538342,GSE201437,PPARGC1A/PGC-1A,PGC1A_oxidative_metabolism_module,0.7230769230769231,0.0034752946180943048,0.6971960906352835,PPARGC1A;CPT1B;HADHA;NDUFA4;COX5A;COX6A2;SLC25A4;CKMT2;PDK4,True,True,ACADVL;COX6A2;CPT1B;PDK4;PPARGC1A;SLC25A4,0.012986480962447637,False,not_found_in_current_inventory,missing,0.0,not_available_in_current_inventory,2,two_channel_mechanistic_bridge,"ACADVL has GSE175634 pseudo-bulk AUC 0.784 for the structural endpoint and correlates with PGC1A_oxidative_metabolism_module in independent GSE201437 RNA-seq (Spearman r=0.723, p=0.00348); motif-target support=yes; virtual-cistrome support=no; status=two_channel_mechanistic_bridge."
PLN,calcium_electrophysiology,0.9181286549707602,0.5510746474461381,GSE201437,PPARGC1A/PGC-1A,PGC1A_oxidative_metabolism_module,0.7186813186813187,0.0037795799614122904,0.764284735981452,PPARGC1A;CPT1B;ACADVL;HADHA;NDUFA4;COX5A;COX6A2;SLC25A4;CKMT2;PDK4,True,True,ACADVL;COX6A2;CPT1B;PDK4;PPARGC1A;SLC25A4,0.012986480962447637,False,not_found_in_current_inventory,missing,0.0,not_available_in_current_inventory,2,two_channel_mechanistic_bridge,"PLN has GSE175634 pseudo-bulk AUC 0.918 for the structural endpoint and correlates with PGC1A_oxidative_metabolism_module in independent GSE201437 RNA-seq (Spearman r=0.719, p=0.00378); motif-target support=yes; virtual-cistrome support=no; status=two_channel_mechanistic_bridge."
PPARGC1A,metabolic,0.8333333333333334,0.17830711599945118,GSE201437,PPARGC1A/PGC-1A,PGC1A_oxidative_metabolism_module,0.6791208791208792,0.00756225703114548,0.5970354292905952,CPT1B;ACADVL;HADHA;NDUFA4;COX5A;COX6A2;SLC25A4;CKMT2;PDK4,True,True,ACADVL;COX6A2;CPT1B;PDK4;PPARGC1A;SLC25A4,0.012986480962447637,False,not_found_in_current_inventory,missing,0.0,not_available_in_current_inventory,2,two_channel_mechanistic_bridge,"PPARGC1A has GSE175634 pseudo-bulk AUC 0.833 for the structural endpoint and correlates with PGC1A_oxidative_metabolism_module in independent GSE201437 RNA-seq (Spearman r=0.679, p=0.00756); motif-target support=yes; virtual-cistrome support=no; status=two_channel_mechanistic_bridge."
CACNA1C,calcium_electrophysiology,0.827485380116959,0.10908948747448555,GSE201437,NKX2-5,NKX2_5_cardiac_identity_module,0.6263736263736264,0.01654193542887119,0.6423756521605268,NKX2-5;GATA4;TBX5;HAND2;ISL1;TNNT2;MYH6;MYH7;NPPA;NPPB,True,False,,1.0,True,GSE133833,direct_human_ipsc_cm,1.0,available_not_yet_run: GSE133833 matched human iPSC-CM RNA-seq/ATAC/NKX2-5 ChIP-seq,2,two_channel_mechanistic_bridge,"CACNA1C has GSE175634 pseudo-bulk AUC 0.827 for the structural endpoint and correlates with NKX2_5_cardiac_identity_module in independent GSE201437 RNA-seq (Spearman r=0.626, p=0.0165); motif-target support=no; virtual-cistrome support=yes; status=two_channel_mechanistic_bridge."
ACADVL,metabolic,0.783625730994152,0.09890595757538342,GSE201437,GATA4,GATA4_cardiac_program_module,0.6087912087912088,0.02085661601722323,0.5770723443738888,GATA4;NKX2-5;TBX5;HAND2;TNNT2;MYH6;MYH7;MYL2;NPPA;NPPB,True,False,,1.0,True,GSE77548,cross_species_cardiac_footprint,0.7,available_not_yet_run: GSE77548 cardiac ChIP-exo footprints; cross-species validation,2,two_channel_mechanistic_bridge,"ACADVL has GSE175634 pseudo-bulk AUC 0.784 for the structural endpoint and correlates with GATA4_cardiac_program_module in independent GSE201437 RNA-seq (Spearman r=0.609, p=0.0209); motif-target support=no; virtual-cistrome support=yes; status=two_channel_mechanistic_bridge."
CPT1B,metabolic,0.6608187134502924,0.021774490772221204,GSE201437,TBX5,TBX5_electrophysiology_module,0.5692307692307692,0.03361941707727026,0.5700518914206013,TBX5;SCN5A;KCNQ1;KCNH2;GJA1;CACNA1C;RYR2;ATP2A2;PLN,False,True,ATP2A2;CACNA1C;KCNH2;KCNQ1;PLN;RYR2,0.006105511689604192,True,GSE77548,cross_species_cardiac_footprint,0.7,available_not_yet_run: GSE77548 cardiac ChIP-exo footprints; cross-species validation,2,two_channel_mechanistic_bridge,"CPT1B has GSE175634 pseudo-bulk AUC 0.661 for the structural endpoint and correlates with TBX5_electrophysiology_module in independent GSE201437 RNA-seq (Spearman r=0.569, p=0.0336); motif-target support=yes; virtual-cistrome support=yes; status=two_channel_mechanistic_bridge."
KCNQ1,calcium_electrophysiology,0.7192982456140351,0.03333833547243138,GSE201437,TBX5,TBX5_electrophysiology_module,0.22637362637362637,0.4364347945560527,0.01808478528790611,TBX5;SCN5A;KCNH2;GJA1;CACNA1C;RYR2;ATP2A2;PLN,False,True,ATP2A2;CACNA1C;KCNH2;KCNQ1;PLN;RYR2,0.006105511689604192,True,GSE77548,cross_species_cardiac_footprint,0.7,available_not_yet_run: GSE77548 cardiac ChIP-exo footprints; cross-species validation,2,two_channel_mechanistic_bridge,"KCNQ1 has GSE175634 pseudo-bulk AUC 0.719 for the structural endpoint and correlates with TBX5_electrophysiology_module in independent GSE201437 RNA-seq (Spearman r=0.226, p=0.436); motif-target support=yes; virtual-cistrome support=yes; status=two_channel_mechanistic_bridge."
KCND3,calcium_electrophysiology,0.7719298245614035,0.0359954835646565,GSE201437,TBX5,TBX5_electrophysiology_module,0.1098021626092026,0.7086491974533018,0.07625261064005712,TBX5;SCN5A;KCNQ1;KCNH2;GJA1;CACNA1C;RYR2;ATP2A2;PLN,False,True,ATP2A2;CACNA1C;KCNH2;KCNQ1;PLN;RYR2,0.006105511689604192,True,GSE77548,cross_species_cardiac_footprint,0.7,available_not_yet_run: GSE77548 cardiac ChIP-exo footprints; cross-species validation,2,two_channel_mechanistic_bridge,"KCND3 has GSE175634 pseudo-bulk AUC 0.772 for the structural endpoint and correlates with TBX5_electrophysiology_module in independent GSE201437 RNA-seq (Spearman r=0.110, p=0.709); motif-target support=yes; virtual-cistrome support=yes; status=two_channel_mechanistic_bridge."
SLC25A4,metabolic,0.7076023391812866,0.18385604288981017,GSE201437,MEF2,MEF2_contractile_module,0.8109890109890111,0.00043221006490767964,0.6910463204019728,MYH6;MYH7;TNNT2;TNNI3;ACTN2;MYL2;MYL7;TTN;ATP2A2;RYR2,True,False,ATP2A2;RYR2,0.8046107186700279,False,not_found_in_current_inventory,missing,0.0,not_available_in_current_inventory,1,single_channel_mechanistic_hint,"SLC25A4 has GSE175634 pseudo-bulk AUC 0.708 for the structural endpoint and correlates with MEF2_contractile_module in independent GSE201437 RNA-seq (Spearman r=0.811, p=0.000432); motif-target support=no; virtual-cistrome support=no; status=single_channel_mechanistic_hint."
CPT1B,metabolic,0.6608187134502924,0.021774490772221204,GSE201437,HIF1A,HIF1A_glycolysis_stress_module,0.767032967032967,0.0013676823882456158,0.7626002432896227,HIF1A;SLC2A1;LDHA;HK2;PDK1;PDK4;VEGFA;BNIP3,True,False,PDK4,0.9260862916021487,False,not_found_in_current_inventory,missing,0.0,not_available_in_current_inventory,1,single_channel_mechanistic_hint,"CPT1B has GSE175634 pseudo-bulk AUC 0.661 for the structural endpoint and correlates with HIF1A_glycolysis_stress_module in independent GSE201437 RNA-seq (Spearman r=0.767, p=0.00137); motif-target support=no; virtual-cistrome support=no; status=single_channel_mechanistic_hint."
SLC25A4,metabolic,0.7076023391812866,0.18385604288981017,GSE201437,SRF,SRF_sarcomere_module,0.7494505494505495,0.0020301455491006475,0.7621996847568678,ACTN2;TNNT2;TNNI3;MYH6;MYH7;MYL2;MYL7;TTN;MYBPC3;TNNC1,True,False,,1.0,False,not_found_in_current_inventory,missing,0.0,not_available_in_current_inventory,1,single_channel_mechanistic_hint,"SLC25A4 has GSE175634 pseudo-bulk AUC 0.708 for the structural endpoint and correlates with SRF_sarcomere_module in independent GSE201437 RNA-seq (Spearman r=0.749, p=0.00203); motif-target support=no; virtual-cistrome support=no; status=single_channel_mechanistic_hint."
ATP2A2,calcium_electrophysiology,0.8128654970760234,0.22255493957251565,GSE201437,HIF1A,HIF1A_glycolysis_stress_module,0.6835164835164835,0.007036743639884643,0.6778095671487869,HIF1A;SLC2A1;LDHA;HK2;PDK1;PDK4;VEGFA;BNIP3,True,False,PDK4,0.9260862916021487,False,not_found_in_current_inventory,missing,0.0,not_available_in_current_inventory,1,single_channel_mechanistic_hint,"ATP2A2 has GSE175634 pseudo-bulk AUC 0.813 for the structural endpoint and correlates with HIF1A_glycolysis_stress_module in independent GSE201437 RNA-seq (Spearman r=0.684, p=0.00704); motif-target support=no; virtual-cistrome support=no; status=single_channel_mechanistic_hint."
PLN,calcium_electrophysiology,0.9181286549707602,0.5510746474461381,GSE201437,SRF,SRF_sarcomere_module,0.6747252747252748,0.008117706397553257,0.6352945285359003,ACTN2;TNNT2;TNNI3;MYH6;MYH7;MYL2;MYL7;TTN;MYBPC3;TNNC1,True,False,,1.0,False,not_found_in_current_inventory,missing,0.0,not_available_in_current_inventory,1,single_channel_mechanistic_hint,"PLN has GSE175634 pseudo-bulk AUC 0.918 for the structural endpoint and correlates with SRF_sarcomere_module in independent GSE201437 RNA-seq (Spearman r=0.675, p=0.00812); motif-target support=no; virtual-cistrome support=no; status=single_channel_mechanistic_hint."
CASQ2,calcium_electrophysiology,0.783625730994152,0.05937058715368075,GSE201437,HIF1A,HIF1A_glycolysis_stress_module,-0.665934065934066,0.009322999096841764,-0.4836091315853275,HIF1A;SLC2A1;LDHA;HK2;PDK1;PDK4;VEGFA;BNIP3,True,False,PDK4,0.9260862916021487,False,not_found_in_current_inventory,missing,0.0,not_available_in_current_inventory,1,single_channel_mechanistic_hint,"CASQ2 has GSE175634 pseudo-bulk AUC 0.784 for the structural endpoint and correlates with HIF1A_glycolysis_stress_module in independent GSE201437 RNA-seq (Spearman r=-0.666, p=0.00932); motif-target support=no; virtual-cistrome support=no; status=single_channel_mechanistic_hint."
PLN,calcium_electrophysiology,0.9181286549707602,0.5510746474461381,GSE201437,MEF2,MEF2_contractile_module,0.6527472527472528,0.011384573997954192,0.5948536524484977,MYH6;MYH7;TNNT2;TNNI3;ACTN2;MYL2;MYL7;TTN;ATP2A2;RYR2,True,False,ATP2A2;RYR2,0.8046107186700279,False,not_found_in_current_inventory,missing,0.0,not_available_in_current_inventory,1,single_channel_mechanistic_hint,"PLN has GSE175634 pseudo-bulk AUC 0.918 for the structural endpoint and correlates with MEF2_contractile_module in independent GSE201437 RNA-seq (Spearman r=0.653, p=0.0114); motif-target support=no; virtual-cistrome support=no; status=single_channel_mechanistic_hint."
PPARGC1A,metabolic,0.8333333333333334,0.17830711599945118,GSE201437,SRF,SRF_sarcomere_module,0.6527472527472528,0.011384573997954192,0.5627792135832546,ACTN2;TNNT2;TNNI3;MYH6;MYH7;MYL2;MYL7;TTN;MYBPC3;TNNC1,True,False,,1.0,False,not_found_in_current_inventory,missing,0.0,not_available_in_current_inventory,1,single_channel_mechanistic_hint,"PPARGC1A has GSE175634 pseudo-bulk AUC 0.833 for the structural endpoint and correlates with SRF_sarcomere_module in independent GSE201437 RNA-seq (Spearman r=0.653, p=0.0114); motif-target support=no; virtual-cistrome support=no; status=single_channel_mechanistic_hint."
PPARGC1A,metabolic,0.8333333333333334,0.17830711599945118,GSE201437,MEF2,MEF2_contractile_module,0.6131868131868132,0.01970633192603883,0.6355282505041618,MYH6;MYH7;TNNT2;TNNI3;ACTN2;MYL2;MYL7;TTN;ATP2A2;RYR2,True,False,ATP2A2;RYR2,0.8046107186700279,False,not_found_in_current_inventory,missing,0.0,not_available_in_current_inventory,1,single_channel_mechanistic_hint,"PPARGC1A has GSE175634 pseudo-bulk AUC 0.833 for the structural endpoint and correlates with MEF2_contractile_module in independent GSE201437 RNA-seq (Spearman r=0.613, p=0.0197); motif-target support=no; virtual-cistrome support=no; status=single_channel_mechanistic_hint."
ACADVL,metabolic,0.783625730994152,0.09890595757538342,GSE201437,NKX2-5,NKX2_5_cardiac_identity_module,0.5252747252747253,0.05374750176788302,0.6159626168912127,NKX2-5;GATA4;TBX5;HAND2;ISL1;TNNT2;MYH6;MYH7;NPPA;NPPB,False,False,,1.0,True,GSE133833,direct_human_ipsc_cm,1.0,available_not_yet_run: GSE133833 matched human iPSC-CM RNA-seq/ATAC/NKX2-5 ChIP-seq,1,single_channel_mechanistic_hint,"ACADVL has GSE175634 pseudo-bulk AUC 0.784 for the structural endpoint and correlates with NKX2_5_cardiac_identity_module in independent GSE201437 RNA-seq (Spearman r=0.525, p=0.0537); motif-target support=no; virtual-cistrome support=yes; status=single_channel_mechanistic_hint."
CACNA1C,calcium_electrophysiology,0.827485380116959,0.10908948747448555,GSE201437,GATA4,GATA4_cardiac_program_module,0.4813186813186813,0.08141829504280487,0.5607272604899465,GATA4;NKX2-5;TBX5;HAND2;TNNT2;MYH6;MYH7;MYL2;NPPA;NPPB,False,False,,1.0,True,GSE77548,cross_species_cardiac_footprint,0.7,available_not_yet_run: GSE77548 cardiac ChIP-exo footprints; cross-species validation,1,single_channel_mechanistic_hint,"CACNA1C has GSE175634 pseudo-bulk AUC 0.827 for the structural endpoint and correlates with GATA4_cardiac_program_module in independent GSE201437 RNA-seq (Spearman r=0.481, p=0.0814); motif-target support=no; virtual-cistrome support=yes; status=single_channel_mechanistic_hint."
ATP2A2,calcium_electrophysiology,0.8128654970760234,0.22255493957251565,GSE201437,NKX2-5,NKX2_5_cardiac_identity_module,0.4593406593406593,0.09846837616829025,0.47134650755377555,NKX2-5;GATA4;TBX5;HAND2;ISL1;TNNT2;MYH6;MYH7;NPPA;NPPB,False,False,,1.0,True,GSE133833,direct_human_ipsc_cm,1.0,available_not_yet_run: GSE133833 matched human iPSC-CM RNA-seq/ATAC/NKX2-5 ChIP-seq,1,single_channel_mechanistic_hint,"ATP2A2 has GSE175634 pseudo-bulk AUC 0.813 for the structural endpoint and correlates with NKX2_5_cardiac_identity_module in independent GSE201437 RNA-seq (Spearman r=0.459, p=0.0985); motif-target support=no; virtual-cistrome support=yes; status=single_channel_mechanistic_hint."
KCNH2,calcium_electrophysiology,0.7017543859649122,0.047544071680283406,GSE201437,NKX2-5,NKX2_5_cardiac_identity_module,0.4593406593406593,0.09846837616829025,0.34120612684851737,NKX2-5;GATA4;TBX5;HAND2;ISL1;TNNT2;MYH6;MYH7;NPPA;NPPB,False,False,,1.0,True,GSE133833,direct_human_ipsc_cm,1.0,available_not_yet_run: GSE133833 matched human iPSC-CM RNA-seq/ATAC/NKX2-5 ChIP-seq,1,single_channel_mechanistic_hint,"KCNH2 has GSE175634 pseudo-bulk AUC 0.702 for the structural endpoint and correlates with NKX2_5_cardiac_identity_module in independent GSE201437 RNA-seq (Spearman r=0.459, p=0.0985); motif-target support=no; virtual-cistrome support=yes; status=single_channel_mechanistic_hint."
RYR2,calcium_electrophysiology,0.8771929824561403,0.30113750425389574,GSE201437,NKX2-5,NKX2_5_cardiac_identity_module,0.4241758241758242,0.13063731043811044,0.34615738753378295,NKX2-5;GATA4;TBX5;HAND2;ISL1;TNNT2;MYH6;MYH7;NPPA;NPPB,False,False,,1.0,True,GSE133833,direct_human_ipsc_cm,1.0,available_not_yet_run: GSE133833 matched human iPSC-CM RNA-seq/ATAC/NKX2-5 ChIP-seq,1,single_channel_mechanistic_hint,"RYR2 has GSE175634 pseudo-bulk AUC 0.877 for the structural endpoint and correlates with NKX2_5_cardiac_identity_module in independent GSE201437 RNA-seq (Spearman r=0.424, p=0.131); motif-target support=no; virtual-cistrome support=yes; status=single_channel_mechanistic_hint."
CPT1B,metabolic,0.6608187134502924,0.021774490772221204,GSE201437,PPARGC1A/PGC-1A,PGC1A_oxidative_metabolism_module,0.38461538461538464,0.1745087507750955,0.4562539038507941,PPARGC1A;ACADVL;HADHA;NDUFA4;COX5A;COX6A2;SLC25A4;CKMT2;PDK4,False,True,ACADVL;COX6A2;CPT1B;PDK4;PPARGC1A;SLC25A4,0.012986480962447637,False,not_found_in_current_inventory,missing,0.0,not_available_in_current_inventory,1,single_channel_mechanistic_hint,"CPT1B has GSE175634 pseudo-bulk AUC 0.661 for the structural endpoint and correlates with PGC1A_oxidative_metabolism_module in independent GSE201437 RNA-seq (Spearman r=0.385, p=0.175); motif-target support=yes; virtual-cistrome support=no; status=single_channel_mechanistic_hint."
PDK4,metabolic,0.8391812865497076,0.05407266568387039,GSE201437,PPARGC1A/PGC-1A,PGC1A_oxidative_metabolism_module,-0.178021978021978,0.5425969526062154,-0.3420615849922609,PPARGC1A;CPT1B;ACADVL;HADHA;NDUFA4;COX5A;COX6A2;SLC25A4;CKMT2,False,True,ACADVL;COX6A2;CPT1B;PDK4;PPARGC1A;SLC25A4,0.012986480962447637,False,not_found_in_current_inventory,missing,0.0,not_available_in_current_inventory,1,single_channel_mechanistic_hint,"PDK4 has GSE175634 pseudo-bulk AUC 0.839 for the structural endpoint and correlates with PGC1A_oxidative_metabolism_module in independent GSE201437 RNA-seq (Spearman r=-0.178, p=0.543); motif-target support=yes; virtual-cistrome support=no; status=single_channel_mechanistic_hint."
COX5A,metabolic,0.21637426900584794,-0.30524384006316974,GSE201437,PPARGC1A/PGC-1A,PGC1A_oxidative_metabolism_module,0.8505494505494505,0.00011565615890988967,0.8808493859282035,PPARGC1A;CPT1B;ACADVL;HADHA;NDUFA4;COX6A2;SLC25A4;CKMT2;PDK4,True,True,ACADVL;COX6A2;CPT1B;PDK4;PPARGC1A;SLC25A4,0.012986480962447637,False,not_found_in_current_inventory,missing,0.0,not_available_in_current_inventory,2,tf_link_without_strong_lamp_feature,"COX5A has GSE175634 pseudo-bulk AUC 0.216 for the structural endpoint and correlates with PGC1A_oxidative_metabolism_module in independent GSE201437 RNA-seq (Spearman r=0.851, p=0.000116); motif-target support=yes; virtual-cistrome support=no; status=tf_link_without_strong_lamp_feature."
SCN5A,calcium_electrophysiology,0.30409356725146197,-0.00929723654231638,GSE201437,GATA4,GATA4_cardiac_program_module,0.832967032967033,0.00021655091041647006,0.790096752789578,GATA4;NKX2-5;TBX5;HAND2;TNNT2;MYH6;MYH7;MYL2;NPPA;NPPB,True,False,,1.0,True,GSE77548,cross_species_cardiac_footprint,0.7,available_not_yet_run: GSE77548 cardiac ChIP-exo footprints; cross-species validation,2,tf_link_without_strong_lamp_feature,"SCN5A has GSE175634 pseudo-bulk AUC 0.304 for the structural endpoint and correlates with GATA4_cardiac_program_module in independent GSE201437 RNA-seq (Spearman r=0.833, p=0.000217); motif-target support=no; virtual-cistrome support=yes; status=tf_link_without_strong_lamp_feature."
CKMT2,metabolic,0.3508771929824561,-0.07138639870624128,GSE201437,PPARGC1A/PGC-1A,PGC1A_oxidative_metabolism_module,0.8197802197802198,0.00033143695693539936,0.8649177720101797,PPARGC1A;CPT1B;ACADVL;HADHA;NDUFA4;COX5A;COX6A2;SLC25A4;PDK4,True,True,ACADVL;COX6A2;CPT1B;PDK4;PPARGC1A;SLC25A4,0.012986480962447637,False,not_found_in_current_inventory,missing,0.0,not_available_in_current_inventory,2,tf_link_without_strong_lamp_feature,"CKMT2 has GSE175634 pseudo-bulk AUC 0.351 for the structural endpoint and correlates with PGC1A_oxidative_metabolism_module in independent GSE201437 RNA-seq (Spearman r=0.820, p=0.000331); motif-target support=yes; virtual-cistrome support=no; status=tf_link_without_strong_lamp_feature."
NDUFA4,metabolic,0.47368421052631576,-0.04451825239442857,GSE201437,PPARGC1A/PGC-1A,PGC1A_oxidative_metabolism_module,0.745054945054945,0.002230037316742074,0.7783927267927547,PPARGC1A;CPT1B;ACADVL;HADHA;COX5A;COX6A2;SLC25A4;CKMT2;PDK4,True,True,ACADVL;COX6A2;CPT1B;PDK4;PPARGC1A;SLC25A4,0.012986480962447637,False,not_found_in_current_inventory,missing,0.0,not_available_in_current_inventory,2,tf_link_without_strong_lamp_feature,"NDUFA4 has GSE175634 pseudo-bulk AUC 0.474 for the structural endpoint and correlates with PGC1A_oxidative_metabolism_module in independent GSE201437 RNA-seq (Spearman r=0.745, p=0.00223); motif-target support=yes; virtual-cistrome support=no; status=tf_link_without_strong_lamp_feature."
SCN5A,calcium_electrophysiology,0.30409356725146197,-0.00929723654231638,GSE201437,MEF2,MEF2_contractile_module,0.7890109890109891,0.0007946144116544935,0.7735049022482501,MYH6;MYH7;TNNT2;TNNI3;ACTN2;MYL2;MYL7;TTN;ATP2A2;RYR2,True,False,ATP2A2;RYR2,0.8046107186700279,False,not_found_in_current_inventory,missing,0.0,not_available_in_current_inventory,1,tf_link_without_strong_lamp_feature,"SCN5A has GSE175634 pseudo-bulk AUC 0.304 for the structural endpoint and correlates with MEF2_contractile_module in independent GSE201437 RNA-seq (Spearman r=0.789, p=0.000795); motif-target support=no; virtual-cistrome support=no; status=tf_link_without_strong_lamp_feature."
SCN5A,calcium_electrophysiology,0.30409356725146197,-0.00929723654231638,GSE201437,SRF,SRF_sarcomere_module,0.7758241758241758,0.0011084786677787394,0.6986159381402574,ACTN2;TNNT2;TNNI3;MYH6;MYH7;MYL2;MYL7;TTN;MYBPC3;TNNC1,True,False,,1.0,False,not_found_in_current_inventory,missing,0.0,not_available_in_current_inventory,1,tf_link_without_strong_lamp_feature,"SCN5A has GSE175634 pseudo-bulk AUC 0.304 for the structural endpoint and correlates with SRF_sarcomere_module in independent GSE201437 RNA-seq (Spearman r=0.776, p=0.00111); motif-target support=no; virtual-cistrome support=no; status=tf_link_without_strong_lamp_feature."
COX5A,metabolic,0.21637426900584794,-0.30524384006316974,GSE201437,SRF,SRF_sarcomere_module,0.6439560439560439,0.01294215255932295,0.6813723462632573,ACTN2;TNNT2;TNNI3;MYH6;MYH7;MYL2;MYL7;TTN;MYBPC3;TNNC1,True,False,,1.0,False,not_found_in_current_inventory,missing,0.0,not_available_in_current_inventory,1,tf_link_without_strong_lamp_feature,"COX5A has GSE175634 pseudo-bulk AUC 0.216 for the structural endpoint and correlates with SRF_sarcomere_module in independent GSE201437 RNA-seq (Spearman r=0.644, p=0.0129); motif-target support=no; virtual-cistrome support=no; status=tf_link_without_strong_lamp_feature."
COX5A,metabolic,0.21637426900584794,-0.30524384006316974,GSE201437,MEF2,MEF2_contractile_module,0.6263736263736264,0.01654193542887119,0.5706390433177809,MYH6;MYH7;TNNT2;TNNI3;ACTN2;MYL2;MYL7;TTN;ATP2A2;RYR2,True,False,ATP2A2;RYR2,0.8046107186700279,False,not_found_in_current_inventory,missing,0.0,not_available_in_current_inventory,1,tf_link_without_strong_lamp_feature,"COX5A has GSE175634 pseudo-bulk AUC 0.216 for the structural endpoint and correlates with MEF2_contractile_module in independent GSE201437 RNA-seq (Spearman r=0.626, p=0.0165); motif-target support=no; virtual-cistrome support=no; status=tf_link_without_strong_lamp_feature."
NDUFA4,metabolic,0.47368421052631576,-0.04451825239442857,GSE201437,SRF,SRF_sarcomere_module,0.621978021978022,0.017550315290540023,0.6866404348141762,ACTN2;TNNT2;TNNI3;MYH6;MYH7;MYL2;MYL7;TTN;MYBPC3;TNNC1,True,False,,1.0,False,not_found_in_current_inventory,missing,0.0,not_available_in_current_inventory,1,tf_link_without_strong_lamp_feature,"NDUFA4 has GSE175634 pseudo-bulk AUC 0.474 for the structural endpoint and correlates with SRF_sarcomere_module in independent GSE201437 RNA-seq (Spearman r=0.622, p=0.0176); motif-target support=no; virtual-cistrome support=no; status=tf_link_without_strong_lamp_feature."
GJA1,calcium_electrophysiology,0.1286549707602339,-0.6005475992529445,GSE201437,HIF1A,HIF1A_glycolysis_stress_module,0.6,0.023308410879999998,0.5517664712718897,HIF1A;SLC2A1;LDHA;HK2;PDK1;PDK4;VEGFA;BNIP3,True,False,PDK4,0.9260862916021487,False,not_found_in_current_inventory,missing,0.0,not_available_in_current_inventory,1,tf_link_without_strong_lamp_feature,"GJA1 has GSE175634 pseudo-bulk AUC 0.129 for the structural endpoint and correlates with HIF1A_glycolysis_stress_module in independent GSE201437 RNA-seq (Spearman r=0.600, p=0.0233); motif-target support=no; virtual-cistrome support=no; status=tf_link_without_strong_lamp_feature."
HADHA,metabolic,0.2807017543859649,-0.1195623133147974,GSE201437,TBX5,TBX5_electrophysiology_module,-0.16483516483516483,0.5733464050131384,-0.23171149337849767,TBX5;SCN5A;KCNQ1;KCNH2;GJA1;CACNA1C;RYR2;ATP2A2;PLN,False,True,ATP2A2;CACNA1C;KCNH2;KCNQ1;PLN;RYR2,0.006105511689604192,True,GSE77548,cross_species_cardiac_footprint,0.7,available_not_yet_run: GSE77548 cardiac ChIP-exo footprints; cross-species validation,2,not_supported_yet,"HADHA has GSE175634 pseudo-bulk AUC 0.281 for the structural endpoint and correlates with TBX5_electrophysiology_module in independent GSE201437 RNA-seq (Spearman r=-0.165, p=0.573); motif-target support=yes; virtual-cistrome support=yes; status=not_supported_yet."
GJA1,calcium_electrophysiology,0.1286549707602339,-0.6005475992529445,GSE201437,PPARGC1A/PGC-1A,PGC1A_oxidative_metabolism_module,0.44175824175824174,0.11377750302872346,0.5133800113935192,PPARGC1A;CPT1B;ACADVL;HADHA;NDUFA4;COX5A;COX6A2;SLC25A4;CKMT2;PDK4,False,True,ACADVL;COX6A2;CPT1B;PDK4;PPARGC1A;SLC25A4,0.012986480962447637,False,not_found_in_current_inventory,missing,0.0,not_available_in_current_inventory,1,not_supported_yet,"GJA1 has GSE175634 pseudo-bulk AUC 0.129 for the structural endpoint and correlates with PGC1A_oxidative_metabolism_module in independent GSE201437 RNA-seq (Spearman r=0.442, p=0.114); motif-target support=yes; virtual-cistrome support=no; status=not_supported_yet."
COX6A2,metabolic,0.9590643274853801,0.1967027679560166,GSE201437,MEF2,MEF2_contractile_module,0.5912087912087912,0.025970813668962513,0.5944153942368482,MYH6;MYH7;TNNT2;TNNI3;ACTN2;MYL2;MYL7;TTN;ATP2A2;RYR2,False,False,ATP2A2;RYR2,0.8046107186700279,False,not_found_in_current_inventory,missing,0.0,not_available_in_current_inventory,0,not_supported_yet,"COX6A2 has GSE175634 pseudo-bulk AUC 0.959 for the structural endpoint and correlates with MEF2_contractile_module in independent GSE201437 RNA-seq (Spearman r=0.591, p=0.026); motif-target support=no; virtual-cistrome support=no; status=not_supported_yet."
COX6A2,metabolic,0.9590643274853801,0.1967027679560166,GSE201437,SRF,SRF_sarcomere_module,0.5868131868131868,0.02738437553108773,0.6393814670204738,ACTN2;TNNT2;TNNI3;MYH6;MYH7;MYL2;MYL7;TTN;MYBPC3;TNNC1,False,False,,1.0,False,not_found_in_current_inventory,missing,0.0,not_available_in_current_inventory,0,not_supported_yet,"COX6A2 has GSE175634 pseudo-bulk AUC 0.959 for the structural endpoint and correlates with SRF_sarcomere_module in independent GSE201437 RNA-seq (Spearman r=0.587, p=0.0274); motif-target support=no; virtual-cistrome support=no; status=not_supported_yet."
NDUFA4,metabolic,0.47368421052631576,-0.04451825239442857,GSE201437,MEF2,MEF2_contractile_module,0.5692307692307692,0.03361941707727026,0.49888299663461194,MYH6;MYH7;TNNT2;TNNI3;ACTN2;MYL2;MYL7;TTN;ATP2A2;RYR2,False,False,ATP2A2;RYR2,0.8046107186700279,False,not_found_in_current_inventory,missing,0.0,not_available_in_current_inventory,0,not_supported_yet,"NDUFA4 has GSE175634 pseudo-bulk AUC 0.474 for the structural endpoint and correlates with MEF2_contractile_module in independent GSE201437 RNA-seq (Spearman r=0.569, p=0.0336); motif-target support=no; virtual-cistrome support=no; status=not_supported_yet."
GJA1,calcium_electrophysiology,0.1286549707602339,-0.6005475992529445,GSE201437,YAP/TEAD,YAP_TEAD_proliferation_module,-0.5692307692307692,0.03361941707727026,-0.6774404274734018,TEAD1;TEAD2;YAP1;WWTR1;ANKRD1;MKI67;TOP2A;PCNA,False,False,,1.0,False,not_found_in_current_inventory,missing,0.0,not_available_in_current_inventory,0,not_supported_yet,"GJA1 has GSE175634 pseudo-bulk AUC 0.129 for the structural endpoint and correlates with YAP_TEAD_proliferation_module in independent GSE201437 RNA-seq (Spearman r=-0.569, p=0.0336); motif-target support=no; virtual-cistrome support=no; status=not_supported_yet."
CASQ2,calcium_electrophysiology,0.783625730994152,0.05937058715368075,GSE201437,YAP/TEAD,YAP_TEAD_proliferation_module,0.5428571428571429,0.04486396643924867,0.43794637138290116,TEAD1;TEAD2;YAP1;WWTR1;ANKRD1;MKI67;TOP2A;PCNA,False,False,,1.0,False,not_found_in_current_inventory,missing,0.0,not_available_in_current_inventory,0,not_supported_yet,"CASQ2 has GSE175634 pseudo-bulk AUC 0.784 for the structural endpoint and correlates with YAP_TEAD_proliferation_module in independent GSE201437 RNA-seq (Spearman r=0.543, p=0.0449); motif-target support=no; virtual-cistrome support=no; status=not_supported_yet."
RYR2,calcium_electrophysiology,0.8771929824561403,0.30113750425389574,GSE201437,HIF1A,HIF1A_glycolysis_stress_module,0.5208791208791209,0.05615392734370263,0.3977210130149571,HIF1A;SLC2A1;LDHA;HK2;PDK1;PDK4;VEGFA;BNIP3,False,False,PDK4,0.9260862916021487,False,not_found_in_current_inventory,missing,0.0,not_available_in_current_inventory,0,not_supported_yet,"RYR2 has GSE175634 pseudo-bulk AUC 0.877 for the structural endpoint and correlates with HIF1A_glycolysis_stress_module in independent GSE201437 RNA-seq (Spearman r=0.521, p=0.0562); motif-target support=no; virtual-cistrome support=no; status=not_supported_yet."
KCNH2,calcium_electrophysiology,0.7017543859649122,0.047544071680283406,GSE201437,MEF2,MEF2_contractile_module,0.5164835164835165,0.058637163441278416,0.4684831997048057,MYH6;MYH7;TNNT2;TNNI3;ACTN2;MYL2;MYL7;TTN;ATP2A2;RYR2,False,False,ATP2A2;RYR2,0.8046107186700279,False,not_found_in_current_inventory,missing,0.0,not_available_in_current_inventory,0,not_supported_yet,"KCNH2 has GSE175634 pseudo-bulk AUC 0.702 for the structural endpoint and correlates with MEF2_contractile_module in independent GSE201437 RNA-seq (Spearman r=0.516, p=0.0586); motif-target support=no; virtual-cistrome support=no; status=not_supported_yet."
CKMT2,metabolic,0.3508771929824561,-0.07138639870624128,GSE201437,YAP/TEAD,YAP_TEAD_proliferation_module,-0.5032967032967033,0.06656042759911303,-0.558396357350538,TEAD1;TEAD2;YAP1;WWTR1;ANKRD1;MKI67;TOP2A;PCNA,False,False,,1.0,False,not_found_in_current_inventory,missing,0.0,not_available_in_current_inventory,0,not_supported_yet,"CKMT2 has GSE175634 pseudo-bulk AUC 0.351 for the structural endpoint and correlates with YAP_TEAD_proliferation_module in independent GSE201437 RNA-seq (Spearman r=-0.503, p=0.0666); motif-target support=no; virtual-cistrome support=no; status=not_supported_yet."
KCNH2,calcium_electrophysiology,0.7017543859649122,0.047544071680283406,GSE201437,SRF,SRF_sarcomere_module,0.49890109890109896,0.0693635273971548,0.41561344686665636,ACTN2;TNNT2;TNNI3;MYH6;MYH7;MYL2;MYL7;TTN;MYBPC3;TNNC1,False,False,,1.0,False,not_found_in_current_inventory,missing,0.0,not_available_in_current_inventory,0,not_supported_yet,"KCNH2 has GSE175634 pseudo-bulk AUC 0.702 for the structural endpoint and correlates with SRF_sarcomere_module in independent GSE201437 RNA-seq (Spearman r=0.499, p=0.0694); motif-target support=no; virtual-cistrome support=no; status=not_supported_yet."
CKMT2,metabolic,0.3508771929824561,-0.07138639870624128,GSE201437,HIF1A,HIF1A_glycolysis_stress_module,0.4769230769230769,0.0846484341946867,0.5478562798660527,HIF1A;SLC2A1;LDHA;HK2;PDK1;PDK4;VEGFA;BNIP3,False,False,PDK4,0.9260862916021487,False,not_found_in_current_inventory,missing,0.0,not_available_in_current_inventory,0,not_supported_yet,"CKMT2 has GSE175634 pseudo-bulk AUC 0.351 for the structural endpoint and correlates with HIF1A_glycolysis_stress_module in independent GSE201437 RNA-seq (Spearman r=0.477, p=0.0846); motif-target support=no; virtual-cistrome support=no; status=not_supported_yet."
KCNQ1,calcium_electrophysiology,0.7192982456140351,0.03333833547243138,GSE201437,YAP/TEAD,YAP_TEAD_proliferation_module,-0.35824175824175825,0.208498124790767,0.08782721871963603,TEAD1;TEAD2;YAP1;WWTR1;ANKRD1;MKI67;TOP2A;PCNA,False,False,,1.0,False,not_found_in_current_inventory,missing,0.0,not_available_in_current_inventory,0,not_supported_yet,"KCNQ1 has GSE175634 pseudo-bulk AUC 0.719 for the structural endpoint and correlates with YAP_TEAD_proliferation_module in independent GSE201437 RNA-seq (Spearman r=-0.358, p=0.208); motif-target support=no; virtual-cistrome support=no; status=not_supported_yet."
PDK4,metabolic,0.8391812865497076,0.05407266568387039,GSE201437,SRF,SRF_sarcomere_module,-0.3362637362637363,0.23979220225725295,-0.4233701890625668,ACTN2;TNNT2;TNNI3;MYH6;MYH7;MYL2;MYL7;TTN;MYBPC3;TNNC1,False,False,,1.0,False,not_found_in_current_inventory,missing,0.0,not_available_in_current_inventory,0,not_supported_yet,"PDK4 has GSE175634 pseudo-bulk AUC 0.839 for the structural endpoint and correlates with SRF_sarcomere_module in independent GSE201437 RNA-seq (Spearman r=-0.336, p=0.24); motif-target support=no; virtual-cistrome support=no; status=not_supported_yet."
KCNQ1,calcium_electrophysiology,0.7192982456140351,0.03333833547243138,GSE201437,HIF1A,HIF1A_glycolysis_stress_module,0.3274725274725274,0.25307100077194056,0.4123860051197867,HIF1A;SLC2A1;LDHA;HK2;PDK1;PDK4;VEGFA;BNIP3,False,False,PDK4,0.9260862916021487,False,not_found_in_current_inventory,missing,0.0,not_available_in_current_inventory,0,not_supported_yet,"KCNQ1 has GSE175634 pseudo-bulk AUC 0.719 for the structural endpoint and correlates with HIF1A_glycolysis_stress_module in independent GSE201437 RNA-seq (Spearman r=0.327, p=0.253); motif-target support=no; virtual-cistrome support=no; status=not_supported_yet."
CASQ2,calcium_electrophysiology,0.783625730994152,0.05937058715368075,GSE201437,SRF,SRF_sarcomere_module,0.3098901098901099,0.2809332808692584,0.2724019000156668,ACTN2;TNNT2;TNNI3;MYH6;MYH7;MYL2;MYL7;TTN;MYBPC3;TNNC1,False,False,,1.0,False,not_found_in_current_inventory,missing,0.0,not_available_in_current_inventory,0,not_supported_yet,"CASQ2 has GSE175634 pseudo-bulk AUC 0.784 for the structural endpoint and correlates with SRF_sarcomere_module in independent GSE201437 RNA-seq (Spearman r=0.310, p=0.281); motif-target support=no; virtual-cistrome support=no; status=not_supported_yet."
HADHA,metabolic,0.2807017543859649,-0.1195623133147974,GSE201437,MEF2,MEF2_contractile_module,-0.221978021978022,0.445629657953609,-0.1775368961215409,MYH6;MYH7;TNNT2;TNNI3;ACTN2;MYL2;MYL7;TTN;ATP2A2;RYR2,False,False,ATP2A2;RYR2,0.8046107186700279,False,not_found_in_current_inventory,missing,0.0,not_available_in_current_inventory,0,not_supported_yet,"HADHA has GSE175634 pseudo-bulk AUC 0.281 for the structural endpoint and correlates with MEF2_contractile_module in independent GSE201437 RNA-seq (Spearman r=-0.222, p=0.446); motif-target support=no; virtual-cistrome support=no; status=not_supported_yet."
PDK4,metabolic,0.8391812865497076,0.05407266568387039,GSE201437,MEF2,MEF2_contractile_module,-0.2,0.49300373504,-0.1896239316788918,MYH6;MYH7;TNNT2;TNNI3;ACTN2;MYL2;MYL7;TTN;ATP2A2;RYR2,False,False,ATP2A2;RYR2,0.8046107186700279,False,not_found_in_current_inventory,missing,0.0,not_available_in_current_inventory,0,not_supported_yet,"PDK4 has GSE175634 pseudo-bulk AUC 0.839 for the structural endpoint and correlates with MEF2_contractile_module in independent GSE201437 RNA-seq (Spearman r=-0.200, p=0.493); motif-target support=no; virtual-cistrome support=no; status=not_supported_yet."
HADHA,metabolic,0.2807017543859649,-0.1195623133147974,GSE201437,HIF1A,HIF1A_glycolysis_stress_module,-0.1912087912087912,0.5125839704707786,-0.28718100265292734,HIF1A;SLC2A1;LDHA;HK2;PDK1;PDK4;VEGFA;BNIP3,False,False,PDK4,0.9260862916021487,False,not_found_in_current_inventory,missing,0.0,not_available_in_current_inventory,0,not_supported_yet,"HADHA has GSE175634 pseudo-bulk AUC 0.281 for the structural endpoint and correlates with HIF1A_glycolysis_stress_module in independent GSE201437 RNA-seq (Spearman r=-0.191, p=0.513); motif-target support=no; virtual-cistrome support=no; status=not_supported_yet."
KCND3,calcium_electrophysiology,0.7719298245614035,0.0359954835646565,GSE201437,HIF1A,HIF1A_glycolysis_stress_module,0.17614096918559585,0.5469390587457321,0.2507962146252651,HIF1A;SLC2A1;LDHA;HK2;PDK1;PDK4;VEGFA;BNIP3,False,False,PDK4,0.9260862916021487,False,not_found_in_current_inventory,missing,0.0,not_available_in_current_inventory,0,not_supported_yet,"KCND3 has GSE175634 pseudo-bulk AUC 0.772 for the structural endpoint and correlates with HIF1A_glycolysis_stress_module in independent GSE201437 RNA-seq (Spearman r=0.176, p=0.547); motif-target support=no; virtual-cistrome support=no; status=not_supported_yet."
KCND3,calcium_electrophysiology,0.7719298245614035,0.0359954835646565,GSE201437,MEF2,MEF2_contractile_module,0.17614096918559585,0.5469390587457321,0.04294072049944497,MYH6;MYH7;TNNT2;TNNI3;ACTN2;MYL2;MYL7;TTN;ATP2A2;RYR2,False,False,ATP2A2;RYR2,0.8046107186700279,False,not_found_in_current_inventory,missing,0.0,not_available_in_current_inventory,0,not_supported_yet,"KCND3 has GSE175634 pseudo-bulk AUC 0.772 for the structural endpoint and correlates with MEF2_contractile_module in independent GSE201437 RNA-seq (Spearman r=0.176, p=0.547); motif-target support=no; virtual-cistrome support=no; status=not_supported_yet."
