tf_module,tf,method,dataset,assay,match,support_score,url,virtual_cistrome_support,caveat
NKX2_5_cardiac_identity_module,NKX2-5,virtual_cistrome_transfer,GSE133833,human iPSC-CM NKX2-5 ChIP-seq + RNA-seq + ATAC-seq,direct_human_ipsc_cm,1.0,https://www.ncbi.nlm.nih.gov/geo/query/acc.cgi?acc=GSE133833,True,Assay-level transfer support; promoter/peak overlap has not yet been imported.
NKX2_5_cardiac_identity_module,NKX2-5,virtual_cistrome_transfer,GSE77548,mouse differentiating cardiomyocyte NKX2-5 ChIP-exo footprints,cross_species_cardiac_footprint,0.7,https://www.ncbi.nlm.nih.gov/geo/query/acc.cgi?acc=GSE77548,True,Assay-level transfer support; promoter/peak overlap has not yet been imported.
GATA4_cardiac_program_module,GATA4,virtual_cistrome_transfer,GSE77548,mouse differentiating cardiomyocyte GATA4 ChIP-exo footprints,cross_species_cardiac_footprint,0.7,https://www.ncbi.nlm.nih.gov/geo/query/acc.cgi?acc=GSE77548,True,Assay-level transfer support; promoter/peak overlap has not yet been imported.
TBX5_electrophysiology_module,TBX5,virtual_cistrome_transfer,GSE77548,mouse differentiating cardiomyocyte TBX5 ChIP-exo footprints,cross_species_cardiac_footprint,0.7,https://www.ncbi.nlm.nih.gov/geo/query/acc.cgi?acc=GSE77548,True,Assay-level transfer support; promoter/peak overlap has not yet been imported.
MEF2_contractile_module,MEF2,virtual_cistrome_transfer,not_found_in_current_inventory,none,missing,0.0,,False,No direct cardiac/iPSC-CM cistrome support was encoded for this module.
SRF_sarcomere_module,SRF,virtual_cistrome_transfer,not_found_in_current_inventory,none,missing,0.0,,False,No direct cardiac/iPSC-CM cistrome support was encoded for this module.
PGC1A_oxidative_metabolism_module,PPARGC1A/PGC-1A,virtual_cistrome_transfer,not_found_in_current_inventory,none,missing,0.0,,False,No direct cardiac/iPSC-CM cistrome support was encoded for this module.
HIF1A_glycolysis_stress_module,HIF1A,virtual_cistrome_transfer,not_found_in_current_inventory,none,missing,0.0,,False,No direct cardiac/iPSC-CM cistrome support was encoded for this module.
YAP_TEAD_proliferation_module,YAP/TEAD,virtual_cistrome_transfer,not_found_in_current_inventory,none,missing,0.0,,False,No direct cardiac/iPSC-CM cistrome support was encoded for this module.
