admin-jwt-auth.console3.com;
alerter.console3.com;
amga.console3.com;
cherdak-ext.console3.com;
cherdak-test.console3.com;
t2.double.console3.com;
geo-gis.console3.com;
grafana.console3.com;
green.console3.com;
api-ext.fleet.ib.console3.com;
avocado-ds.ib.console3.com;
avocado-hec-aws.ib.console3.com;
avocado-hec.ib.console3.com;
csp.ib.console3.com;
iid.console3.com;
intercity.console3.com;
api.k8s.console3.com;
messenger.console3.com;
optimus.console3.com;
podval.console3.com;
recprice-gateway.console3.com;
recprice.console3.com;
rush.console3.com;
scim1p-test.console3.com;
scim1p.console3.com;
avocado-test-hec.sec.console3.com;
dd-ext.sec.console3.com;
gitlab-ext.sec.console3.com;
portal-ext.sec.console3.com;
super-services-admin-api.console3.com;
super-services.console3.com;
support-frontend.console3.com;
t2.console3.com;
talaria-internal.console3.com;
til.console3.com;
truck.console3.com;
vpn-ipsec.console3.com;
vpn-lux.console3.com;
vpn-msk.console3.com;
3s-kz.vpn.console3.com;
vpn-fr4.vpn.console3.com;
vpn-ng-ext.vpn.console3.com;
vpn.console3.com;
watchdocs-gcp.console3.com;
watchdocs.console3.com;
vpn.wg.console3.com;
services.indrive.cl;
services.indrive.com.co;
analytics.indrive.com;
beginit.indrive.com;
www.beginit.indrive.com;
birthday.indrive.com;
book.indrive.com;
www.book.indrive.com;
careers.indrive.com;
cargo.indrive.com;
compliance.indrive.com;
couriers.indrive.com;
cr.indrive.com;
delivery.indrive.com;
www.delivery.indrive.com;
dxy.indrive.com;
empleo.indrive.com;
fr.indrive.com;
freight.indrive.com;
ic.indrive.com;
id.indrive.com;
www.id.indrive.com;
inapps.indrive.com;
inapps2.indrive.com;
inapps3.indrive.com;
indrive.com;
injob.indrive.com;
intercity.indrive.com;
www.intercity.indrive.com;
user-identification.invision.indrive.com;
job.indrive.com;
katalog.indrive.com;
landing.indrive.com;
lp-services.indrive.com;
www.lp-services.indrive.com;
media.indrive.com;
money.indrive.com;
movie.indrive.com;
promo.indrive.com;
rabota.indrive.com;
rd.indrive.com;
s.indrive.com;
services.indrive.com;
sgtm.indrive.com;
sharetrip.indrive.com;
super_services.indrive.com;
url-checker.indrive.com;
ventures.indrive.com;
external.devpl-1.euno1.aws.indrive.dev;
test-nginx.test.ams5.baremetal.indrive.dev;
bdu-test-cf.indrive.dev;
coturn.indrive.dev;
dev-onboarding-api-6815ddf6.indrive.dev;
mcm-cf.devtools.indrive.dev;mcm.devtools.indrive.dev
event-tracker.indrive.dev;
external.indrive.dev;
fic-cf.indrive.dev;
www.fic-cf.indrive.dev;
test.prod.apse3.aws.indrive.tech;
auth-console.test.ams5.baremetal.indrive.tech;
debug.clairvoyance.indrive.tech;
ingest-ams5.clairvoyance.indrive.tech;
ingest.clairvoyance.indrive.tech;
metrics.clairvoyance.indrive.tech;
tech-analytics-debug.clairvoyance.indrive.tech;
tech-analytics.clairvoyance.indrive.tech;
dwh-mon-proxy.indrive.tech;
gitlab.git.indrive.tech;
kas.git.indrive.tech;
me-test.git.indrive.tech;
registry.git.indrive.tech;
indrive.tech;
auth-ext-test.indrive.tech;
auth-ext.indrive.tech;
network-debug.prod.latam-br.saea1.aws.indrive.tech;
network-debug.prod.latam-co.saea1.aws.indrive.tech;
test-co-mx.tech.usa.usea1.aws.indrive.tech;
test-usea1-cf.tech.usa.usea1.aws.indrive.tech;
test-usea1.tech.usa.usea1.aws.indrive.tech;
test-usea2-cf.tech.usa.usea2.aws.indrive.tech;
test-usea2.tech.usa.usea2.aws.indrive.tech;
test-uswe1-cf.tech.usa.uswe1.aws.indrive.tech;
test-uswe1.tech.usa.uswe1.aws.indrive.tech;
test-uswe2-cf.tech.usa.uswe2.aws.indrive.tech;
test-uswe2.tech.usa.uswe2.aws.indrive.tech;
apple.indriver.com;
book.indriver.com;
cargo.indriver.com;
freight.indriver.com;
ic.indriver.com;
indriver.com;
injob.indriver.com;
job.indriver.com;
lena.indriver.com;
msk.indriver.com;
pagerduty.indriver.com;
promo.indriver.com;
redmine.indriver.com;
s.indriver.com;
console.s3-kz.indriver.com;
s3-kz.indriver.com;
share.indriver.com;
sharetrip.indriver.com;
sm.indriver.com;
sp-get.indriver.com;
spb.indriver.com;
super_services.indriver.com;
teammate.indriver.com;
url-checker.indriver.com;
www.indriver.com;
zb06605603.indriver.com;
status.indriver.io;
teammate.indriver.io;
