subject_id,anchor_time_h,outcome,cross_modal_maturation_score,early_rna_calcium_axis,early_rna_structural_axis,early_phospho_kinase_axis,early_morphology_sarcomere_axis,qc_burden_sentinel_score,annotation_contamination_sentinel_score,stressed_cm_fraction,review_rate,drop_rate,protocol_context_sentinel_score,future_calcium_trace_score,endpoint_oracle_score,donor_id,batch_id,protocol,plate_id,passage,medium,stimulation
W0000,0,1,0.20220364415867026,0.12487760328941894,0.4506237080829195,-0.4464582646095942,0.528123269373732,-0.5570464121128913,0.0964062394239652,0.375,0.12727272727272726,0.5818181818181818,-1.3447803860617435,0.7662645130447594,0.9950367627699718,D1,B1,baseline,P1,25,fatty_acid,none
W0001,0,0,-0.05226342509777436,0.012322604098028132,0.10482795590534753,0.5131851005827892,-1.196206287272457,-1.5868620998943683,-0.7753025656285923,0.5294117647058824,0.0,0.6222222222222222,0.10434097520841402,-0.4245923363200669,-1.0953603842228372,D2,B1,high_calcium,P1,19,standard,drug_pulse
W0002,0,1,0.37139112791699896,0.20490483951901117,0.3217233610476308,0.15941413525789452,0.871292740812879,0.5206676797514455,-0.044727567108353704,0.3333333333333333,0.18333333333333332,0.6166666666666667,-1.230376068066731,0.15716504209261073,1.0202452575488612,D3,B1,baseline,P1,27,fatty_acid,drug_pulse
W0003,0,1,0.3106948587035715,0.15246724016096913,0.06720113872956704,0.5304180706237888,0.5100411204315489,0.07862223868166592,-0.20602334600243238,0.5,0.1864406779661017,0.576271186440678,-1.1350391364042207,0.8944487526674775,0.9777180169690697,D4,B1,baseline,P1,32,lactate_selection,drug_pulse
W0004,0,1,0.5473493766685298,0.8263634340304988,0.529545388286914,0.2713112586469622,0.17660215413119457,-0.9573402176625021,-0.6318442022828,0.4,0.05194805194805195,0.6233766233766234,0.7526321105134847,0.8265920769173197,0.9961937809276082,D5,B1,ramp_pacing,P1,30,standard,none
W0005,0,1,0.5690429990952723,0.8302661138138233,0.4683350083117338,0.58867860010803,0.24078659139710104,0.276597135417463,-0.7221698384634841,0.2,0.11764705882352941,0.6617647058823529,0.3140822248659369,0.9906272077892229,0.9257644858849284,D6,B1,high_calcium,P1,28,standard,electrical
W0006,0,0,-1.4237712498149708,-0.9722454607110488,-1.4647219919055887,-1.3828857638815284,-1.3839536342233103,1.9618461320092446,0.7617513273620397,0.6428571428571429,0.19607843137254902,0.7254901960784313,-0.010063342786598407,-1.593477829422117,-0.9505353126223426,D1,B1,high_calcium,P2,29,standard,none
W0007,0,1,0.23539081997200056,0.48465560349538944,0.42516157791935955,-0.10717048271842365,-0.3666920490211579,-1.310082081364934,-1.1737980193669044,0.42857142857142855,0.05063291139240506,0.5949367088607594,-1.230376068066731,0.07969714636070185,0.9333594023083616,D2,B1,baseline,P2,26,fatty_acid,drug_pulse
W0008,0,0,-0.2967608199806367,-0.2643922861701686,-0.6831261098551059,-0.1729020456169822,-0.25592909726962343,-0.9260264910223764,-0.4607008916246619,0.8947368421052632,0.13559322033898305,0.5423728813559322,-1.3447803860617435,-1.1449464996192427,-1.0242447531458834,D3,B1,baseline,P2,20,fatty_acid,none
W0009,0,0,0.16807707607712483,0.7336613918322121,-0.013657939149075161,0.2850812902367225,-0.47937553215667855,-0.3415035937400239,0.1810865233433566,0.4666666666666667,0.14545454545454545,0.5818181818181818,-1.0206348184092082,-0.9741500683329586,-1.0209608581241802,D4,B1,baseline,P2,30,fatty_acid,electrical
W0010,0,0,-0.5219932426330113,-0.31172864591281296,-0.37844037378105055,-0.4911266999083746,-0.9303718837287749,0.16822604430391894,-0.3768071118902804,0.7647058823529411,0.20270270270270271,0.5675675675675675,1.3627884731535511,-1.3167906294943676,-1.1043381783253192,D5,B1,ramp_pacing,P2,28,fatty_acid,electrical
W0011,0,1,0.9758433760435152,1.0372711079228527,1.0661182714588429,0.33554225144733224,1.103526474067212,-0.8008571410920365,-0.4607008916246619,0.21052631578947367,0.18032786885245902,0.5081967213114754,0.10434097520841402,0.8205354311605398,0.8937567264485882,D6,B1,high_calcium,P2,19,standard,drug_pulse
W0012,0,1,1.5403492008838482,1.339150775793508,1.4667198248065283,1.3818747146336827,1.7801854637875216,0.09257569326088855,-0.7753025656285923,0.0,0.125,0.6388888888888888,1.0767776781660197,0.739794537030484,1.0393220441357742,D1,B2,ramp_pacing,P3,31,standard,electrical
W0013,0,1,2.593883479441063,2.6013233875357327,2.6982729592031163,1.9065783808771803,2.6476829914314997,-0.41217337025571804,-1.1737980193669044,0.17647058823529413,0.09836065573770492,0.6229508196721312,1.3627884731535511,1.573180695240714,0.9050452840986987,D2,B2,ramp_pacing,P3,32,fatty_acid,electrical
W0014,0,0,-0.8531967989063423,-0.8899514447899087,-1.2261471307834033,-0.08516969283607513,-0.9048930195039844,0.5722105276232178,0.3316292503111632,0.7777777777777778,0.08695652173913043,0.717391304347826,0.867036428508497,-1.6308381636577138,-0.9411066406795742,D3,B2,ramp_pacing,P3,21,standard,drug_pulse
W0015,0,0,-2.249294045302555,-2.6121112587599216,-1.877950787276564,-2.3936845532983066,-1.3314666082806694,1.5983817716157809,1.8370565199892306,0.5555555555555556,0.05454545454545454,0.8363636363636363,-1.230376068066731,-1.81398611701104,-1.0760022547172274,D4,B2,baseline,P3,18,fatty_acid,drug_pulse
W0016,0,1,0.39991645339188325,0.2654585635313448,0.2653248026234743,0.2478128018421006,0.5098607800506221,-1.1728830360353695,-0.6092627932376291,0.375,0.05714285714285714,0.6,-0.9252978867466978,0.11811210185847604,0.9450231075256371,D5,B2,baseline,P3,24,lactate_selection,electrical
W0017,0,1,0.8122302322263582,0.4900554541289927,0.5106938653029682,0.11604710837898641,2.089947672948608,-0.07207507077394004,0.1810865233433566,0.4,0.15,0.6,0.3140822248659369,0.803568882806219,1.0423501403221316,D6,B2,high_calcium,P3,23,standard,electrical
W0018,0,0,-0.7237288987058943,-0.8201478844007931,-0.7286269574636687,-1.0376776326806727,-0.1311269013948515,0.1973534521921438,0.6327147042467768,0.6666666666666666,0.13636363636363635,0.6363636363636364,0.3903517701959452,-0.3702169796965313,-1.0020756845275554,D1,B2,high_calcium,P4,32,fatty_acid,drug_pulse
W0019,0,1,1.6710631198723762,1.8716612048731227,1.5675321827230821,1.0128519140214591,1.720736154665904,-0.6209109508900371,-1.1737980193669044,0.125,0.07407407407407407,0.6296296296296297,0.600093019853468,1.4090862185504391,0.907109942117701,D2,B2,high_calcium,P4,31,fatty_acid,electrical
W0020,0,0,-1.2840099761871884,-1.0629034973161535,-1.2403068925935,-1.104600493191315,-1.1630690642022126,1.219800154730105,1.9054850322473251,0.5454545454545454,0.07692307692307693,0.782051282051282,-0.010063342786598407,-1.8897596437329,-0.993052818948175,D3,B2,high_calcium,P4,21,standard,none
W0021,0,1,0.6807258522272158,0.9651665334014026,1.18425689948073,0.3608005639922876,-0.08793197356651475,-0.22806000512272476,-0.7221698384634841,0.13333333333333333,0.10526315789473684,0.631578947368421,1.0386429055010156,0.5751043289638976,0.9027087410719273,D4,B2,ramp_pacing,P4,24,fatty_acid,none
W0022,0,1,0.5540911674196111,0.03861333476778096,0.19268947500053224,0.7371813824862575,1.2019239795840146,-0.5660273628784285,-0.20602334600243238,0.5238095238095238,0.125,0.5833333333333334,0.3140822248659369,1.2173318547933736,0.9319006504020856,D5,B2,high_calcium,P4,18,standard,electrical
W0023,0,0,-1.5367274323724882,-1.2230958343665082,-1.3995660549451656,-1.241635812798872,-1.6740272134696177,1.9557290757602717,1.217174703062968,0.6470588235294118,0.14473684210526316,0.7763157894736842,0.27594745220093275,-0.9195623289319954,-1.1203521261024096,D6,B2,high_calcium,P4,18,fatty_acid,none
W0024,0,0,-0.38980023008964493,-0.3097989373342282,-0.36035042461853245,-1.2239288865353102,0.16530317433359987,0.30512486137857814,-1.1737980193669044,1.0,0.2,0.5818181818181818,-1.6307911810492746,-0.7357490153705978,-1.017609563870956,D1,B3,baseline,P5,21,standard,none
W0025,0,1,0.3106569693919034,0.13810016056598562,0.3294844279599582,0.83896892523485,-0.0919129778532816,-0.16188457842930132,-0.3768071118902804,0.23529411764705882,0.07575757575757576,0.6666666666666666,1.0386429055010156,0.6392418370023226,0.9340940645826843,D2,B3,ramp_pacing,P5,20,fatty_acid,none
W0026,0,1,0.4259843910434505,0.3620972709191731,0.3939979911611652,0.30421004472378427,0.3994984613250957,-0.8519997425178675,-0.4210843845278706,0.3333333333333333,0.05263157894736842,0.631578947368421,1.133979837163526,0.8308598735476833,0.9714878623411763,D3,B3,ramp_pacing,P5,18,lactate_selection,none
W0027,0,1,0.7102189061022451,0.5261087573070338,0.7248761295513507,1.5446169125196998,-0.05639599136742622,-0.18754443775940438,-0.8350768836893392,0.4,0.18181818181818182,0.5584415584415584,1.3627884731535511,1.5191976836812129,0.8965229840834206,D4,B3,ramp_pacing,P5,29,fatty_acid,electrical
W0028,0,1,2.347930493341909,2.7150075381663723,2.3113495739205763,2.4143074544646854,1.3731158393681715,-0.8341728928780064,-1.1737980193669044,0.18181818181818182,0.08571428571428572,0.6,1.3627884731535511,1.289187536677953,0.9994351649152929,D5,B3,ramp_pacing,P5,24,fatty_acid,electrical
W0029,0,0,0.319213900044097,0.7515490975717567,0.30397909053535943,0.23732153813920945,-0.2049488320885672,0.05678204890549205,-0.5579414090440585,0.2727272727272727,0.17391304347826086,0.5869565217391305,0.27594745220093275,-1.0650969922150546,-1.030521435578825,D6,B3,high_calcium,P5,19,fatty_acid,none
W0030,0,0,-0.3056983985273683,-0.35441649204506415,-0.24309040328911707,-0.2141984707417305,-0.21446356027303723,0.3347091697826966,0.673771811601633,0.2727272727272727,0.1568627450980392,0.6274509803921569,-0.9252978867466978,0.022735410172033663,-0.9015207086485172,D1,B3,baseline,P6,31,lactate_selection,electrical
W0031,0,0,-1.338638700353617,-0.6643819451443651,-0.9256335965798228,-1.4674288298720366,-1.8599474290896618,0.9561521495251977,2.2134133374087477,0.375,0.12244897959183673,0.7142857142857143,-1.516386863054262,-0.8667224890728774,-0.9108871038731888,D2,B3,baseline,P6,25,standard,drug_pulse
W0032,0,0,-0.5745983269598733,-0.2667380358453635,-0.3817389574595776,-0.7069221060051298,-0.9680811367319083,-0.1095904347312431,0.1810865233433566,0.65,0.11392405063291139,0.6329113924050633,0.7526321105134847,-0.8168281229025042,-1.0978446233196737,D3,B3,ramp_pacing,P6,26,standard,none
W0033,0,1,1.4620112143544526,1.3155446212174928,1.6023514405070964,1.4701318880766974,1.1087117942142317,-0.49546274972064347,-1.1737980193669044,0.0625,0.16071428571428573,0.5535714285714286,0.600093019853468,1.735745577749525,1.016784177416338,D4,B3,high_calcium,P6,18,fatty_acid,electrical
W0034,0,0,-2.111721283012608,-1.3054211868009427,-1.4668652760715721,-2.155682554437584,-2.966221757788321,1.725587369344031,1.7900119178117913,0.5625,0.16393442622950818,0.7377049180327869,-1.6307911810492746,-0.75350969472213,-1.0837847447290156,D5,B3,baseline,P6,21,standard,none
W0035,0,1,-0.2185764638166397,-0.06540003491022385,-0.475566816108168,-0.11235603633322401,-0.02938988844106473,0.6335710608038994,0.5198076590209217,0.4166666666666667,0.2222222222222222,0.5873015873015873,0.7526321105134847,0.3099706204178969,0.9969354895974522,D6,B3,ramp_pacing,P6,22,standard,none
W0036,0,0,-0.9301417908525302,-0.5290756206920633,-0.7813449532409058,-0.5706740875617534,-1.6395597697785287,0.7638441927875,0.27786399067980366,0.7857142857142857,0.10256410256410256,0.717948717948718,-1.6307911810492746,-0.5667080874191468,-1.0166248430847533,D1,B1,baseline,P1,31,standard,none
W0037,0,1,0.24996881021098297,0.35867391043557134,0.27688233710930216,-0.3311506382750209,0.4491499176138266,-0.18754443775940438,-0.8350768836893392,0.75,0.09090909090909091,0.6493506493506493,-1.2494434543992332,0.47858361597905125,0.9195392304514801,D2,B1,baseline,P1,25,lactate_selection,none
W0038,0,0,-1.3897973795205674,-1.3930517516570848,-1.366990171919058,-1.0348039430710505,-1.2664771461759874,1.5531873096988897,0.5198076590209217,0.75,0.08064516129032258,0.8064516129032258,-1.1350391364042207,-0.9880239942678141,-1.0808432940925377,D3,B1,baseline,P1,24,lactate_selection,drug_pulse
W0039,0,1,1.9738685606377053,1.6377380918043187,2.0230913010994795,2.2064713484015273,1.6415389588384408,-0.7929784160075156,-1.1737980193669044,0.21739130434782608,0.05405405405405406,0.6351351351351351,1.3627884731535511,1.2123856937231028,0.8599197169022514,D4,B1,ramp_pacing,P1,24,fatty_acid,electrical
W0040,0,0,-0.12401621827218116,-0.20081540396596925,-0.4117178905672142,-0.04346942662141337,-0.20081311026138773,-1.3234208774386427,-1.1737980193669044,0.6875,0.13333333333333333,0.5111111111111111,-1.3066456133967392,-0.5047400098797613,-1.1534618418800595,D5,B1,baseline,P1,24,standard,electrical
W0041,0,1,0.8300747579379655,0.3612762997286273,0.5730478505002303,1.5760185081847957,0.5721133407663613,-1.6839193923780569,-0.25001310388263565,0.3181818181818182,0.07017543859649122,0.543859649122807,1.4581254048160615,0.572320024192556,0.9097983843601948,D6,B1,ramp_pacing,P1,20,lactate_selection,electrical
W0042,0,1,0.6875131910114387,1.0381217845395132,1.0681810866507155,-0.06588047471577049,0.1621629976670144,-0.9839869946591472,-1.1737980193669044,0.17647058823529413,0.17307692307692307,0.5,-1.1350391364042207,1.439841548387335,0.9607763957638213,D1,B1,baseline,P2,28,lactate_selection,drug_pulse
W0043,0,0,-0.8069246479003351,-0.797344794241423,-0.4760577148335923,-1.7665826371996778,-0.14122496232483778,0.7577647799615997,-0.4210843845278706,0.7777777777777778,0.2,0.62,-1.3447803860617435,-0.8907478087143526,-0.9118228225658814,D2,B1,baseline,P2,25,fatty_acid,none
W0044,0,0,-0.04205011502061926,-0.12543206025159406,-0.32696067802683,0.19079202203714796,-0.1442289768172752,-1.1895409119283538,-0.5286149037905897,0.7142857142857143,0.09836065573770492,0.5573770491803278,-1.3447803860617435,-0.5953560563427605,-1.0287666950936056,D3,B1,baseline,P2,20,fatty_acid,none
W0045,0,0,-1.3239333200147372,-1.185105878576642,-0.7016746754930244,-2.062212259776101,-1.0061464456335147,0.8299247669820807,1.3666104982148348,0.625,0.13043478260869565,0.6956521739130435,-1.6307911810492746,-1.2643092410535652,-1.0389145292253212,D4,B1,baseline,P2,20,standard,none
W0046,0,1,-0.06855612066600363,-0.005182715132950378,-0.047334046735721606,0.3583741021179239,-0.5343756747427704,-0.11159125414229996,0.25239623611758066,0.5263157894736842,0.14666666666666667,0.6,-0.010063342786598407,1.022454181347664,0.8542858009416117,D5,B1,high_calcium,P2,26,standard,none
W0047,0,1,0.16542100056554282,0.6054005870157594,0.41341629364852533,-0.03394219031148209,-0.70215612253425,-1.6132062221399412,0.25239623611758066,0.3684210526315789,0.14,0.48,0.27594745220093275,0.6605956181400113,1.0343588399822727,D6,B1,high_calcium,P2,20,fatty_acid,none
W0048,0,0,-0.12030332993002557,0.1804762286695413,-0.14215618071830569,-0.2449082211793653,-0.5890481539584765,-0.8275315175219797,-0.7503965997699479,0.625,0.13725490196078433,0.5490196078431373,0.3140822248659369,-0.5513871272313593,-1.1647491382828707,D1,B2,high_calcium,P3,28,standard,electrical
W0049,0,1,1.0279674063841224,1.0977164224525306,0.9412455837541662,1.5474729527601294,0.0867780494586536,-1.6679209375730533,-0.6318442022828,0.12,0.1076923076923077,0.5076923076923077,-1.2494434543992332,1.1195194801912831,0.9171064745710947,D2,B2,baseline,P3,22,lactate_selection,none
W0050,0,0,-2.094500669555457,-1.9073383313478378,-1.9092631745400166,-1.295692710583475,-2.2886196517794093,1.965478134157071,2.995077496664668,0.38461538461538464,0.125,0.796875,-0.010063342786598407,-1.7055919361697476,-0.9992478370255788,D3,B2,high_calcium,P3,22,standard,none
W0051,0,1,0.5487063379695368,0.7910942584596254,0.9999808380826498,-0.864817844088202,0.5596400891522757,-1.7391640566265854,-1.1737980193669044,0.12,0.15625,0.453125,-1.0206348184092082,0.7142992953197037,0.9392163462832307,D4,B2,baseline,P3,32,fatty_acid,electrical
W0052,0,0,-0.13108478279728042,0.17526655729217902,-0.19320780384271688,0.4740865471859151,-0.9516211764203014,0.35131260817276333,-0.2705416575600638,0.6666666666666666,0.18571428571428572,0.6,0.6954299515159784,-0.3479744834181271,-1.0618915441387007,D5,B2,high_calcium,P3,22,lactate_selection,electrical
W0053,0,0,-0.013841116812858625,-0.15686934234089392,0.07075599209770801,0.4143425597724096,-0.29763092147761183,-0.19062362087901716,0.3895302991449352,0.3076923076923077,0.08,0.66,-0.9252978867466978,-0.8016679379386767,-1.080754347486908,D6,B2,baseline,P3,27,lactate_selection,electrical
W0054,0,0,-0.46145034777936955,-0.15824313304673784,-0.7441866082469943,0.03293511308488114,-0.9783544946547872,0.30512486137857814,-0.6092627932376291,0.8333333333333334,0.07272727272727272,0.7090909090909091,1.0386429055010156,-0.18804329007422757,-0.9367123666334647,D1,B2,ramp_pacing,P4,21,fatty_acid,none
W0055,0,0,-0.8785041696171764,-0.7209206948488149,-0.8279325664760108,-0.8363880456733812,-0.9327932294220723,0.10226103232176081,0.9432090786178783,0.6875,0.16176470588235295,0.6029411764705882,0.7526321105134847,-1.0768344581145013,-0.9853579563142542,D2,B2,ramp_pacing,P4,20,standard,none
W0056,0,0,-0.5885548461943853,-0.3059185633677613,-0.3397153464897421,-0.376236815183817,-1.29363474289379,-0.6648178212993255,1.084342885150197,0.5238095238095238,0.1,0.6,0.27594745220093275,-0.8322707551249626,-0.8796339648271859,D3,B2,high_calcium,P4,25,fatty_acid,none
W0057,0,1,1.0514225302964832,1.1349878875581305,1.2256038405277498,0.37266226422006066,1.0356846924071021,-0.9019149215094798,-0.7503965997699479,0.25,0.12,0.56,0.3712843838634431,1.5006302971371275,0.9884027765480741,D4,B2,high_calcium,P4,20,lactate_selection,none
W0058,0,0,-1.0853932967985347,-1.3784751529119852,-1.4933890446323288,-0.7151953078157087,-0.09265378186874017,1.1052906665710036,1.9054850322473251,0.45454545454545453,0.1917808219178082,0.6575342465753424,1.0767776781660197,-0.9766969096945176,-1.0491175700098805,D5,B2,ramp_pacing,P4,26,standard,electrical
W0059,0,0,-0.8608767179201156,-0.7028713916080072,-0.4997792908791515,-1.3717350507628738,-0.5571067061473083,1.2319589803819069,0.7617513273620397,0.5,0.14,0.72,-1.0206348184092082,-1.1163894604323468,-1.0476679969090703,D6,B2,baseline,P4,19,fatty_acid,electrical
W0060,0,0,-0.9206484879031102,-0.5901114831914889,-0.3829649287402679,-1.0562538724350887,-1.6496664859131287,0.15590291019736108,-0.044727567108353704,0.75,0.17307692307692307,0.5961538461538461,-1.0206348184092082,-0.6069150979834143,-1.084483967963136,D1,B3,baseline,P5,26,fatty_acid,electrical
W0061,0,1,0.7543077371608063,0.8976083070128348,0.9855105811623012,0.7335708253499014,0.03479207385083555,-0.8519997425178675,-0.7974412019473875,0.3888888888888889,0.07017543859649122,0.6140350877192983,-0.9252978867466978,0.6949309336869834,1.0297498287716924,D2,B3,baseline,P5,33,lactate_selection,electrical
W0062,0,0,-0.7210889258043359,-0.968884500142502,-0.836186097077589,-0.3346571029121865,-0.41747310421982003,1.0441288100855506,-0.044727567108353704,0.8333333333333334,0.11688311688311688,0.7272727272727273,1.0386429055010156,-1.373039567022767,-0.942663512194689,D3,B3,ramp_pacing,P5,21,fatty_acid,none
W0063,0,1,0.18965833782771485,0.11142573865954329,0.04968960331783445,0.14462491746289696,0.5549658856255434,0.008025300918680051,0.7079860677306803,0.2777777777777778,0.0945945945945946,0.6621621621621622,-1.516386863054262,0.2666758878087162,0.9818392274319419,D4,B3,baseline,P5,23,standard,drug_pulse
W0064,0,0,-1.1909057569514447,-1.3737036234950784,-1.3764409111550768,-0.7538723532460808,-0.8004246068232711,1.0287328944874894,0.673771811601633,0.7272727272727273,0.11428571428571428,0.7285714285714285,1.133979837163526,-1.0244299568372675,-0.8320469472398208,D5,B3,ramp_pacing,P5,32,lactate_selection,none
W0065,0,0,-0.39184093411163456,-0.512374789892805,-0.5467046436996543,0.2916645033518972,-0.6128965041317931,0.5822513421436933,-0.2705416575600638,0.7333333333333333,0.14285714285714285,0.6623376623376623,1.0767776781660197,-0.9437649265601383,-1.0038864049007727,D6,B3,ramp_pacing,P5,23,standard,electrical
W0066,0,1,0.49884738384672644,0.4446533366645327,0.20912997571995806,0.6602279307388111,0.47834015456509726,-0.700741624361469,-0.4963557480117739,0.3,0.15151515151515152,0.5454545454545454,0.3712843838634431,0.8787468590737845,0.8515212033240008,D1,B3,high_calcium,P6,23,lactate_selection,none
W0067,0,0,0.23453060771784368,-0.5967017364956144,-0.3118382242902659,1.343187471891032,0.9125775353241621,0.5206676797514455,0.3895302991449352,0.6923076923076923,0.12307692307692308,0.676923076923077,0.10434097520841402,-1.0845929309510327,-0.9968338478910912,D2,B3,high_calcium,P6,23,standard,drug_pulse
W0068,0,1,0.8487763278747716,0.6011812615868168,0.7798591768667003,1.2060158496541786,0.29512747833432723,-2.358368537086139,-0.7367384894603687,0.3548387096774194,0.05714285714285714,0.5,0.27594745220093275,1.171702174498503,0.923247624962352,D3,B3,high_calcium,P6,32,fatty_acid,none
W0069,0,1,0.8141338748316695,1.181493913730906,0.8018488045378394,0.9951282541789738,-0.17335036377125662,-1.2317891478888237,-0.7503965997699479,0.25,0.10869565217391304,0.5434782608695652,1.3627884731535511,1.0051445599140278,0.9723876982817574,D4,B3,ramp_pacing,P6,28,fatty_acid,electrical
W0070,0,0,0.4576600983926484,0.10932636212648586,0.021139729993330934,0.21364748097435893,1.3029964294865646,-0.9019149215094798,-0.32699518017299134,0.5,0.14,0.54,1.3627884731535511,0.12731430768905674,-1.1733711700608283,D5,B3,ramp_pacing,P6,30,fatty_acid,electrical
W0071,0,0,-2.134962396145809,-1.6812443000620376,-1.744480076204867,-2.77852690571464,-1.681353299764975,2.101315014485805,1.8370565199892306,0.5555555555555556,0.05333333333333334,0.88,-1.3447803860617435,-1.0243788163700385,-1.1571494284549861,D6,B3,baseline,P6,26,fatty_acid,none
W0072,0,1,1.0700505190096794,1.0379995545115095,0.5407141294342648,1.6313933172572557,0.7452244197109605,-1.3582150011592085,-0.4607008916246619,0.3684210526315789,0.1320754716981132,0.5094339622641509,0.27594745220093275,0.7128768185937374,0.8861596460164584,D1,B1,high_calcium,P1,32,fatty_acid,none
W0073,0,0,0.0636369773217717,0.09099452800921007,-0.09131451004536562,-0.724186396762432,0.7557102385440153,-0.6327776726222781,-0.25001310388263565,0.5,0.12162162162162163,0.581081081081081,-1.2494434543992332,-0.3442563353559255,-1.0910363087556914,D2,B1,baseline,P1,27,lactate_selection,none
W0074,0,1,0.9025349782596213,0.8957621029471389,0.7048869541099323,0.4994227548843369,1.194448614586208,-0.2573071803131229,-1.1737980193669044,0.5294117647058824,0.171875,0.5625,-1.3447803860617435,0.4889180017149612,0.9677389407480992,D3,B1,baseline,P1,22,fatty_acid,none
W0075,0,0,-0.8640492301961165,-0.4990277901792588,-0.5655962767622184,-1.1532063983699217,-0.9999434428958204,0.31449628826435494,1.5359710660536177,0.6,0.14492753623188406,0.6376811594202898,-1.230376068066731,-0.7391798623030245,-1.0542709673369595,D4,B1,baseline,P1,29,fatty_acid,drug_pulse
W0076,0,0,-0.3780124098212198,-0.8050881500017144,-0.5603610180691506,-0.08007505193118054,0.33348587173175104,0.9948618801717526,0.5198076590209217,0.75,0.04,0.8,1.0386429055010156,-0.6625759475084539,-1.0617464141371045,D5,B1,ramp_pacing,P1,30,fatty_acid,none
W0077,0,0,-0.0700579764133153,0.39777286839890397,0.06542571811693774,-0.5369682534639475,-0.3999916591504067,0.25722645729571847,-0.7503965997699479,0.5,0.1111111111111111,0.6666666666666666,-1.0206348184092082,-0.7862849739723794,-1.0250238525488502,D6,B1,baseline,P1,33,fatty_acid,electrical
W0078,0,0,-0.34512219982042175,-0.30614388062368714,-0.5559032256008303,-0.5353066381692667,0.186997919964858,0.14268679535844547,0.9432090786178783,0.625,0.2028985507246377,0.5652173913043478,0.867036428508497,-0.9568304070745527,-1.1547965201535846,D1,B1,ramp_pacing,P2,31,standard,drug_pulse
W0079,0,1,0.41212454789344083,0.7456061357970263,0.5253672155352704,-0.11822064052898695,0.2217100705665357,-0.07207507077394004,-0.7753025656285923,0.35294117647058826,0.20588235294117646,0.5441176470588235,-1.2494434543992332,0.41242791202045515,0.8699744483595686,D2,B1,baseline,P2,24,lactate_selection,none
W0080,0,0,-0.37186749119514584,-0.5164798595176247,-0.6972567400134797,-0.3399178928334353,0.08579983078332429,-1.2395986702936381,1.1825229244770277,0.5652173913043478,0.16666666666666666,0.48484848484848486,-0.010063342786598407,-1.282594426221952,-1.0883560684983276,D3,B1,high_calcium,P2,27,standard,none
W0081,0,1,0.9861026114987376,1.3262271685474665,1.5363038222797518,0.16488075163391724,0.6395137940508255,0.7210314264079134,-1.1737980193669044,0.07692307692307693,0.14084507042253522,0.676056338028169,1.0767776781660197,0.9152793696151571,0.8929180285039657,D4,B1,ramp_pacing,P2,32,standard,electrical
W0082,0,0,-0.29856628662715,-0.32801897855081236,-0.3814375073415487,-0.921207952170281,0.4052529533704145,-0.7071565891939958,0.8186792493246559,0.6470588235294118,0.10714285714285714,0.5892857142857143,-0.9252978867466978,-0.669644465740757,-1.0519089363963217,D5,B1,baseline,P2,22,lactate_selection,electrical
W0083,0,1,0.8631212885262006,0.9122201282495911,0.9074240217905278,0.26588229828193416,0.9405418705937644,-1.1112993736431216,-0.6526885798629579,0.34615384615384615,0.07792207792207792,0.5844155844155844,-1.6307911810492746,1.562941052208134,0.9997328519059085,D6,B1,baseline,P2,19,standard,none
W0084,0,0,-1.3898147615882035,-1.286495238171722,-1.132675068592159,-2.1884262099432066,-0.5594675582204337,0.5206676797514455,1.9875992469570376,0.5333333333333333,0.08,0.72,0.27594745220093275,-1.0380084876658946,-0.9950839389813487,D1,B2,high_calcium,P3,27,fatty_acid,none
W0085,0,1,-0.0040026075234952845,0.13680800530132922,-0.2718099074830013,0.03239626559945381,-0.2194263771610177,-1.4990483590757926,-0.15763461233420875,0.55,0.2222222222222222,0.4074074074074074,0.6954299515159784,0.5645348892399423,0.9884418179118044,D2,B2,high_calcium,P3,19,lactate_selection,electrical
W0086,0,1,0.5130145444917943,0.6705244695459234,0.47873077017576987,-0.5302767010576968,1.0695289889129114,-1.0099591697065111,-0.13157914035901133,0.34615384615384615,0.11392405063291139,0.5569620253164557,-0.010063342786598407,0.29263781486071927,0.9716824726293349,D3,B2,high_calcium,P3,20,standard,none
W0087,0,0,-2.8636614616421916,-3.082470652791119,-2.85957992809442,-2.130346707892309,-2.685893769295204,2.891638681852985,-1.1737980193669044,1.0,0.0625,0.9375,0.27594745220093275,-1.590276828201412,-1.0016153081003971,D4,B2,high_calcium,P3,30,fatty_acid,none
W0088,0,0,0.2995981156763715,0.1764109194701561,0.4336903125077353,0.30458908869277296,0.2550762421240835,0.25722645729571847,-0.4963557480117739,0.7,0.15555555555555556,0.6222222222222222,1.0767776781660197,-1.1414870833752366,-0.9083298213564754,D5,B2,ramp_pacing,P3,29,standard,electrical
W0089,0,1,0.024348075024777885,0.28403884985866384,-0.3016070512214643,-0.22661836374510436,0.10221272030810817,-1.3069558010351596,0.4201837955863437,0.47058823529411764,0.08333333333333333,0.5625,-1.3447803860617435,0.3455068481310021,0.8888828282697419,D6,B2,baseline,P3,24,fatty_acid,none
W0090,0,0,0.0840415824077833,0.07255254475533615,0.10169713644322824,0.3631375487557574,-0.21482679233978041,-0.020080092657678038,-0.20602334600243238,0.5,0.19298245614035087,0.5614035087719298,1.0767776781660197,-0.3127527792659591,-1.1494308199641348,D1,B2,ramp_pacing,P4,30,standard,electrical
W0091,0,1,-0.16093982027193812,-0.17987004548971694,-0.10906352974376228,0.26030959666863895,-0.5231794878497967,0.17490107527830415,0.05791520127878737,0.45454545454545453,0.1875,0.5833333333333334,1.0386429055010156,0.4597214684274817,1.0125984360450693,D2,B2,ramp_pacing,P4,19,fatty_acid,none
W0092,0,0,-0.26817941778633414,-0.17002678789415135,-0.13945066424481953,-1.1577804323604373,0.522457286346198,0.17085228599875835,1.2456386640442758,0.5714285714285714,0.11475409836065574,0.6557377049180327,-1.0206348184092082,-0.7910380082098839,-1.1581673447866252,D3,B2,baseline,P4,33,fatty_acid,electrical
W0093,0,1,0.1598310902358509,0.0740680463419645,-0.15460679463211782,0.945410901891987,-0.17502110457982556,0.15590291019736108,-0.4210843845278706,0.6111111111111112,0.16666666666666666,0.6025641025641025,1.3627884731535511,0.4953116816011982,0.9463492240831481,D4,B2,ramp_pacing,P4,27,fatty_acid,electrical
W0094,0,0,-1.260957942361911,-1.5449570073755055,-1.5341258140566651,-0.8378706433687099,-0.5078106803683629,0.9948618801717526,1.6488781112794726,0.5833333333333334,0.10666666666666667,0.7333333333333333,0.7526321105134847,-0.8213531115556818,-1.0926112080240016,D5,B2,ramp_pacing,P4,23,standard,none
W0095,0,0,-2.242724469099751,-2.2550223811701104,-1.9228004941073638,-1.7342524107185975,-2.1643113095212745,1.9969326433241021,2.2134133374087477,0.5,0.1509433962264151,0.7735849056603774,-0.010063342786598407,-1.3773203568788406,-0.9361779928642774,D6,B2,high_calcium,P4,24,standard,none
W0096,0,0,-1.1755941751661214,-1.0373252749732598,-1.1662361825651775,-1.1481142272172238,-0.9911128586842465,1.3453532456998065,0.3316292503111632,0.7777777777777778,0.14492753623188406,0.7246376811594203,1.3627884731535511,-0.3682802407843886,-1.0312808384410521,D1,B3,ramp_pacing,P5,20,fatty_acid,electrical
W0097,0,1,0.43298506587914176,0.41831997159981993,0.34130635569127477,-0.4108907677154428,1.0479085183499106,-1.0079846768666536,-0.3608672937407479,0.44,0.11842105263157894,0.5526315789473685,1.0767776781660197,0.9162562985850109,1.055754386115757,D2,B3,ramp_pacing,P5,20,standard,electrical
W0098,0,1,1.1689208083754503,1.247682570431521,1.486939833646183,0.2750645514189031,1.3908375870159413,0.20453821280457277,-0.7753025656285923,0.4117647058823529,0.16,0.6133333333333333,-1.2494434543992332,1.1139689479050994,1.009987678959373,D3,B3,baseline,P5,27,lactate_selection,none
W0099,0,1,0.517774397767408,0.9426275359391082,0.40809448071769755,0.12375477353534371,0.2846880020245863,0.07862223868166592,-1.1737980193669044,0.2857142857142857,0.13559322033898305,0.6271186440677966,0.867036428508497,0.8829577034137822,0.9271383062068992,D4,B3,ramp_pacing,P5,29,standard,drug_pulse
W0100,0,1,0.002801227386140118,-0.19280264129722047,0.11293415515966894,-0.4851119388699008,0.5144949000391063,-0.26965598761573434,-0.044727567108353704,0.5,0.13333333333333333,0.6,0.3140822248659369,0.44441363068190615,0.9101723644184624,D5,B3,high_calcium,P5,24,standard,electrical
W0101,0,1,1.1880583147813215,1.0240082471527796,1.5543119895986919,1.2248694724081954,0.894554050220723,0.597150615303107,-0.6092627932376291,0.08333333333333333,0.0967741935483871,0.7096774193548387,1.4581254048160615,1.5987759202167917,0.884681699064956,D6,B3,ramp_pacing,P5,28,lactate_selection,electrical
W0102,0,1,0.6021947359518802,0.6175407359796904,0.7162693544837564,0.20757708678356745,0.5469609509893789,-0.9839869946591472,-0.3768071118902804,0.47058823529411764,0.07692307692307693,0.5961538461538461,1.0767776781660197,1.395856698171894,1.0219931709777046,D1,B3,ramp_pacing,P6,27,standard,electrical
W0103,0,1,1.1091544766132344,1.2345091987255503,1.1439401915170484,0.9779086530343757,0.6182890826487707,-0.9260264910223764,-1.1737980193669044,0.21052631578947367,0.1694915254237288,0.5084745762711864,1.133979837163526,1.3182985956387772,0.8911222393770873,D2,B3,ramp_pacing,P6,32,lactate_selection,none
W0104,0,0,0.2505761056035246,0.73231510225479,0.3610902939288196,-0.5607253340591875,0.4073849067644912,-0.1351328101915333,1.084342885150197,0.16666666666666666,0.10638297872340426,0.6382978723404256,0.3712843838634431,0.44048920374243306,-1.1132834192070744,D3,B3,high_calcium,P6,33,lactate_selection,none
W0105,0,1,-0.6909626997381433,-0.5941164924567849,-0.8509090935044481,-0.6473842891669314,-0.5450190511158702,-0.840445302936477,1.6156701568012797,0.5294117647058824,0.18518518518518517,0.5,0.6954299515159784,0.5262801031929448,0.898954519639111,D4,B3,high_calcium,P6,23,lactate_selection,electrical
W0106,0,0,-0.7811602585482971,-0.45427318546258727,-0.8504152207769811,-1.5514248295036903,-0.2961934584416436,-0.20093219045337216,0.5198076590209217,0.75,0.13043478260869565,0.6086956521739131,-1.1350391364042207,-1.3457062028584401,-1.0772477390269475,D5,B3,baseline,P6,29,lactate_selection,drug_pulse
W0107,0,1,0.7125912917354087,0.7487927537102027,0.689662122307607,0.8719963353263547,0.21514458064109024,-1.0099591697065111,-0.6526885798629579,0.34615384615384615,0.0759493670886076,0.5949367088607594,1.133979837163526,1.1109763586444994,1.0109284689386653,D6,B3,ramp_pacing,P6,29,lactate_selection,none
W0108,0,1,1.0284002867316857,0.7479262355051818,0.8798229170031484,1.3317692466121345,1.0501056547021566,-0.07207507077394004,-0.6526885798629579,0.46153846153846156,0.15384615384615385,0.5961538461538461,-1.0206348184092082,0.7983832418903997,0.9921374524301608,D1,B1,baseline,P1,26,fatty_acid,electrical
W0109,0,1,1.7471498963827008,1.7020036047951093,1.7084304272929447,1.469847510890674,1.5927797864090711,-1.0599796549829141,-1.1737980193669044,0.17391304347826086,0.08695652173913043,0.5797101449275363,0.6954299515159784,1.433045093000269,1.0275530644091457,D2,B1,high_calcium,P1,29,lactate_selection,electrical
W0110,0,1,0.9236026492068572,0.920895726798374,1.07691359370682,-0.43288843683747463,1.7463176089467807,-0.3912442441337629,-0.7974412019473875,0.1111111111111111,0.13846153846153847,0.5846153846153846,0.10434097520841402,0.3236248995981562,0.9632533604057268,D3,B1,high_calcium,P1,31,standard,drug_pulse
W0111,0,0,0.08999636917384994,-0.1236638513428643,0.016626482650741937,-0.8065239372434636,1.013366689045311,-0.8623987381411199,-0.4607008916246619,0.631578947368421,0.11666666666666667,0.5666666666666667,-1.0206348184092082,-1.167231930811328,-0.9252109218501078,D4,B1,baseline,P1,19,fatty_acid,electrical
W0112,0,1,0.25212913094013695,0.14856505871403713,0.24106967556369077,0.7668159028979136,-0.1658251937744597,-0.22806000512272476,-0.15763461233420875,0.35,0.15789473684210525,0.5789473684210527,-1.6307911810492746,0.37845228442331863,1.0090303630883308,D5,B1,baseline,P1,23,standard,none
W0113,0,1,0.3347024163321399,0.03406011703542276,0.10012620605616651,0.7203961134082033,0.5206221114469626,0.09257569326088855,-0.3768071118902804,0.5294117647058824,0.18055555555555555,0.5833333333333334,0.867036428508497,0.37133045839999695,0.9514957547690956,D6,B1,ramp_pacing,P1,30,standard,drug_pulse
W0114,0,1,0.9554330425262472,0.8852976985151554,0.8645794566428487,1.1411821489642777,0.49785521455347775,-1.2317891478888237,-1.1737980193669044,0.3125,0.08695652173913043,0.5652173913043478,1.0767776781660197,1.0403197507861774,0.903569257773753,D1,B1,ramp_pacing,P2,19,standard,electrical
W0115,0,0,-0.3717601400497982,-0.6480966545664446,-0.18267156606930132,-0.2764954734247701,-0.06324831316390703,1.5367981092235332,-0.32699518017299134,0.75,0.14285714285714285,0.7428571428571429,0.7526321105134847,-0.8840815779717773,-0.9794452957053791,D2,B1,ramp_pacing,P2,31,standard,none
W0116,0,0,-0.4795325000719812,-0.7861691021459866,-0.5564184683165209,-0.20180335350797396,-0.16620877233594863,0.48048173056328314,-0.044727567108353704,0.6666666666666666,0.13559322033898305,0.6610169491525424,0.6954299515159784,-0.9193712530392871,-1.1716297523862769,D3,B1,high_calcium,P2,28,lactate_selection,electrical
W0117,0,1,-0.2683973296664429,-0.38626050114602467,-0.7522090906931707,0.7666931305740737,-0.486211582580003,0.3405939327563909,0.021688341848031773,0.7647058823529411,0.13924050632911392,0.6455696202531646,-1.2494434543992332,0.530519028532725,1.0144795918137337,D4,B1,baseline,P2,20,lactate_selection,none
W0118,0,0,-0.8503321207253135,-0.5836348412386348,-0.5645626934445553,-1.2524123280703503,-0.9261441977814994,0.5206676797514455,0.05791520127878737,0.8181818181818182,0.18181818181818182,0.6181818181818182,-1.0206348184092082,-1.4950639668957408,-0.979286709428975,D5,B1,baseline,P2,23,fatty_acid,electrical
W0119,0,0,-0.7469543720670349,-0.3601723172145977,-0.22656816788573048,-1.2046069644263073,-1.2103009450245563,0.4863057811702631,-0.20602334600243238,0.7142857142857143,0.13043478260869565,0.6666666666666666,0.3903517701959452,-1.294471563427583,-1.044805005837574,D6,B1,high_calcium,P2,25,fatty_acid,drug_pulse
W0120,0,1,1.2119272125652698,1.263712958251524,1.0876624635004337,1.9534353277393417,0.09765739497401638,-1.3234208774386427,-1.1737980193669044,0.4375,0.1111111111111111,0.5333333333333333,0.3140822248659369,0.8340684318245386,0.892387583220627,D1,B2,high_calcium,P3,22,standard,electrical
W0121,0,1,0.32374273585883306,0.30590360236259556,0.3186477679331815,0.6652073486848189,0.030170182645100758,0.05678204890549205,0.05791520127878737,0.45454545454545453,0.21739130434782608,0.5434782608695652,0.3140822248659369,0.47552675314818993,0.9029214484041757,D2,B2,high_calcium,P3,26,standard,electrical
W0122,0,0,-1.342833748465495,-1.4058962077405956,-1.4935646667508662,-1.1893753796520032,-0.9807812610034862,0.3870918486471336,0.6327147042467768,0.7333333333333333,0.08450704225352113,0.704225352112676,-1.3447803860617435,-1.2285858200812545,-1.1021048526796304,D3,B2,baseline,P3,29,fatty_acid,none
W0123,0,0,-0.29301938505980185,-1.0229015218553545,-0.6437762017160675,0.527714336617619,0.6911596827105714,1.2645017196264385,1.7295260007265119,0.5,0.13725490196078433,0.7254901960784313,0.27594745220093275,-0.5782820682190059,-1.0231496424380548,D4,B2,high_calcium,P3,21,fatty_acid,none
W0124,0,1,0.5202208364472805,0.05878583277612013,0.2715247071059143,1.2588868477778274,0.36969255398271844,-0.700741624361469,-0.8350768836893392,0.6,0.12121212121212122,0.5757575757575758,0.27594745220093275,0.917001938857266,0.9202141542950378,D5,B2,high_calcium,P3,19,fatty_acid,none
W0125,0,0,-0.9924364142202621,-0.9710192907781906,-1.018884132737361,-1.1832046593858603,-0.5940322705840331,0.5206676797514455,0.3316292503111632,0.7777777777777778,0.17777777777777778,0.6222222222222222,-1.3066456133967392,-0.8141000411029736,-1.1285868777099903,D6,B2,baseline,P3,31,standard,electrical
W0126,0,1,1.7677898581924223,1.9848450751632551,2.0867934351181905,1.9035968090524809,0.5512636036708142,-1.0599796549829141,-1.1737980193669044,0.16666666666666666,0.05555555555555555,0.6111111111111112,-0.010063342786598407,1.3250338649536408,1.0292772839288984,D1,B2,high_calcium,P4,30,standard,none
W0127,0,1,-0.2218694040792607,-0.4292555727049374,-0.11620079316836435,-0.6696831781367469,0.5009190005420436,0.45987355149243186,0.5198076590209217,0.4375,0.15384615384615385,0.6410256410256411,-1.6307911810492746,0.706174613402893,0.9566566693538708,D2,B2,baseline,P4,26,standard,none
W0128,0,1,0.21284128342736386,0.005602026700770043,0.396115372004278,1.0731977522023248,-0.4970321320111596,0.16822604430391894,0.021688341848031773,0.35294117647058826,0.06756756756756757,0.7027027027027027,1.0386429055010156,1.4071180068885973,0.9979187533784151,D3,B2,ramp_pacing,P4,23,fatty_acid,none
W0129,0,0,-0.33100849591745785,-0.21170672094503504,-0.2836547596546553,-0.3174840395628904,-0.430815648782055,0.017734436881421244,0.5198076590209217,0.625,0.15151515151515152,0.6060606060606061,-0.010063342786598407,-1.0260623215608178,-1.0783250341052968,D4,B2,high_calcium,P4,30,standard,none
W0130,0,0,-1.752149250212449,-2.2416576759797664,-1.7360702894266131,-0.7350821476107061,-1.0566599837750856,2.1658312322300652,3.665075347455456,0.2857142857142857,0.08163265306122448,0.8571428571428571,0.7526321105134847,-1.848261277500557,-1.0236297536155308,D5,B2,ramp_pacing,P4,23,standard,none
W0131,0,0,-2.880926050953285,-2.835260535958958,-2.8038347819754175,-2.567756367477793,-2.281125041965833,2.223759526331424,2.6973006740909837,0.42857142857142855,0.04225352112676056,0.9014084507042254,-1.3447803860617435,-1.505551309290405,-1.0577221687424418,D6,B2,baseline,P4,24,fatty_acid,none
W0132,0,0,0.5155407767476874,0.5286636339122994,0.23001956753017772,1.0147042065054952,0.19197104723580793,-0.9951990265101944,0.5198076590209217,0.35,0.16393442622950818,0.5081967213114754,1.3627884731535511,-1.0074919758823206,-1.116995276784566,D1,B3,ramp_pacing,P5,28,fatty_acid,electrical
W0133,0,1,1.2017670548271195,1.0021033088509452,1.368135810654076,1.080892459030534,0.9011395892745613,-1.1895409119283538,-1.1737980193669044,0.2857142857142857,0.11475409836065574,0.5409836065573771,-1.230376068066731,1.1445827256465868,0.854967837876538,D2,B3,baseline,P5,20,fatty_acid,drug_pulse
W0134,0,1,1.2566204441919866,0.9262804221886234,0.8511569323701894,1.2986205857632636,1.6125459028884703,-1.3031561680189714,-0.5847177834059214,0.2608695652173913,0.12307692307692308,0.5230769230769231,0.7526321105134847,0.7552481442531869,1.0765199606207518,D3,B3,ramp_pacing,P5,18,standard,none
W0135,0,1,-0.5465572407015074,-0.65451974350815,-0.8615217064492746,-0.33025067735058977,0.009143651914802573,0.7362104981243115,0.8585287946984869,0.6,0.21818181818181817,0.6,1.3627884731535511,0.8381811544330348,0.8671673081388572,D4,B3,ramp_pacing,P5,24,fatty_acid,electrical
W0136,0,0,-0.6192963814556453,-1.2836928051368017,-0.7144386850420017,-0.04020915716285179,0.3687388612147706,0.8090290178448757,2.995077496664668,0.38461538461538464,0.08108108108108109,0.7432432432432432,0.27594745220093275,-1.0378931643883804,-1.071954297415413,D5,B3,high_calcium,P5,23,fatty_acid,none
W0137,0,0,0.1803016478150261,0.4156819922706845,0.04535267906398245,-0.2894245720323395,0.31157576711556584,-0.6147268846352086,-0.20602334600243238,0.3333333333333333,0.09859154929577464,0.6056338028169014,-1.6307911810492746,-0.15423300670894033,-0.9611104223058891,D6,B3,baseline,P5,29,standard,none
W0138,0,1,0.5228635428844138,0.5221519691709446,0.36726944803801764,0.6270010506913507,0.36257752491160317,-0.3912442441337629,-0.7974412019473875,0.3888888888888889,0.12307692307692308,0.6,0.3712843838634431,1.0332786425627607,0.8189706920769078,D1,B3,high_calcium,P6,31,lactate_selection,none
W0139,0,1,0.9550280180561977,0.9610723095340534,0.7641397958009557,1.018889144118783,0.7672552171735407,-0.6648178212993255,-0.851206461578747,0.19047619047619047,0.11428571428571428,0.5857142857142857,0.27594745220093275,0.8584036836529321,0.9652239305466163,D2,B3,high_calcium,P6,18,fatty_acid,none
W0140,0,0,-0.6265491226397302,-0.5529989676536711,-0.3622210729471172,-0.7970104822598959,-0.8242673896639457,0.08390986357484598,-0.4210843845278706,0.7777777777777778,0.18421052631578946,0.5789473684210527,-0.010063342786598407,-1.1195048900048312,-1.0216260581508307,D3,B3,high_calcium,P6,18,standard,none
W0141,0,1,0.803597960082008,0.9385551908631184,0.7718970077544739,0.20662295993744548,1.4029459165370552,0.9948618801717526,0.5198076590209217,0.125,0.18,0.66,-1.0206348184092082,0.6985071564875673,0.997974227549128,D4,B3,baseline,P6,29,fatty_acid,electrical
W0142,0,0,0.13055900256818512,-0.4466570401302203,-0.24406859413333806,0.7412934432754874,0.6446118646136552,-0.2464111738696409,0.3316292503111632,0.5555555555555556,0.1323529411764706,0.6029411764705882,1.0767776781660197,-0.3931381360685877,-1.0640010091402914,D5,B3,ramp_pacing,P6,30,standard,electrical
W0143,0,1,-0.03341130557966021,-0.34910861539973614,-0.14168420754595473,-0.004357659289274139,0.30326205247814125,-0.5660273628784285,-0.20602334600243238,0.5238095238095238,0.125,0.5833333333333334,1.0386429055010156,0.3185801639005638,0.8919015499026975,D6,B3,ramp_pacing,P6,21,fatty_acid,none
W0144,0,1,2.167081695591997,1.415724337877064,1.8788147706981613,2.2288119538959084,2.9170402660691317,-0.253526933179671,-1.1737980193669044,0.07692307692307693,0.12244897959183673,0.6122448979591837,0.867036428508497,0.9468226415958706,0.9891740421367842,D1,B1,ramp_pacing,P1,25,standard,drug_pulse
W0145,0,0,-1.6660256710481267,-1.6631592649914584,-1.6690934824473744,-1.7103221793874661,-1.0920699900516646,1.1260219781603489,1.3666104982148348,0.625,0.02127659574468085,0.8297872340425532,-1.6307911810492746,-1.6242765182182144,-1.2619519792877683,D2,B1,baseline,P1,26,standard,none
W0146,0,1,0.8311136262015584,1.091993050312007,1.0709301748776823,0.9251540462721075,0.00033896743073764935,-0.02912269754746268,-0.7753025656285923,0.11764705882352941,0.13043478260869565,0.6231884057971014,1.4581254048160615,0.8162967160845178,0.8774440886951714,D3,B1,ramp_pacing,P1,21,lactate_selection,electrical
W0147,0,0,-0.4034471604653099,-0.5813652307944175,-0.5283938979757501,0.11131978438044177,-0.01865498782709997,1.6567579515917668,1.2896284219244791,0.45454545454545453,0.125,0.7708333333333334,-1.230376068066731,-0.560859239835111,-1.0160869340799927,D4,B1,baseline,P1,23,fatty_acid,drug_pulse
W0148,0,1,1.1446789011014658,1.0153225724065835,1.2393730829049323,1.252377893928435,0.6810900798985964,-0.9019149215094798,-1.1737980193669044,0.375,0.02,0.66,0.6954299515159784,1.2147162206889897,1.0540251964596012,D5,B1,high_calcium,P1,22,lactate_selection,electrical
W0149,0,1,0.6385888523181038,0.7297639021931177,0.7169602031463366,0.3515415567190297,0.7281121852614464,0.08958204300571079,0.3895302991449352,0.0,0.16363636363636364,0.6,0.10434097520841402,1.2169483741393587,1.04500108285369,D6,B1,high_calcium,P1,30,standard,drug_pulse
W0150,0,1,0.9567496485600054,1.1005306606069674,1.0995252681749086,1.0950836318667438,0.02896340376993563,-1.3199545455642243,-1.1737980193669044,0.14814814814814814,0.06578947368421052,0.5789473684210527,-1.3447803860617435,1.1269136035953191,0.8882529993158101,D1,B1,baseline,P2,33,fatty_acid,none
W0151,0,0,-2.383106517579235,-2.1572393372738228,-2.176879761014916,-2.042865902513115,-2.478207920850765,2.2676989444578437,0.673771811601633,0.7272727272727273,0.14035087719298245,0.8070175438596491,-1.0206348184092082,-0.9407648144057632,-1.0094420261583794,D2,B1,baseline,P2,18,fatty_acid,electrical
W0152,0,1,1.0949150308740343,1.0975546656507271,1.176222882634486,1.060671267636732,0.6666100065299764,-0.9793343828025897,-0.7503965997699479,0.125,0.12244897959183673,0.5510204081632653,0.27594745220093275,1.431946627908137,0.9949892644401476,D3,B1,high_calcium,P2,26,fatty_acid,none
W0153,0,1,1.3474490860066148,1.50062293930255,1.5185259125258188,0.9550541262710639,1.0948534990207321,-0.253526933179671,-0.6526885798629579,0.38461538461538464,0.14285714285714285,0.5918367346938775,0.6954299515159784,1.321949253321447,0.822242388462436,D4,B1,high_calcium,P2,31,lactate_selection,electrical
W0154,0,0,-0.494459501542093,-0.4585871049937292,-0.7112278050350833,-0.2895263900660626,-0.2106125401553693,0.7907783002440248,0.7617513273620397,0.7142857142857143,0.12658227848101267,0.6962025316455697,-1.6307911810492746,-1.0354060893554062,-1.1151382902822897,D5,B1,baseline,P2,32,standard,none
W0155,0,0,0.4536238400384278,0.5012451504312754,0.4003840712185123,0.3195395596419771,0.29153081034347306,-0.6810573487109792,-0.8658697142054815,0.5,0.136986301369863,0.5616438356164384,0.27594745220093275,-0.1590039384707909,-0.957345516286352,D6,B1,high_calcium,P2,21,fatty_acid,none
W0156,0,0,-0.6311909047004586,-0.6892976862445501,-0.8190590790246699,-0.1902757840370714,-0.5923398460040317,0.1973534521921438,0.6327147042467768,0.6666666666666666,0.24242424242424243,0.5303030303030303,0.3712843838634431,-1.474638986541432,-1.045471748803299,D1,B2,high_calcium,P3,21,lactate_selection,none
W0157,0,1,0.6310533746328696,0.7264285037800318,0.41188483476429505,0.3221427667811101,0.7854586750832021,-0.49546274972064347,-0.6899106826846684,0.2857142857142857,0.08163265306122448,0.6326530612244898,0.10434097520841402,1.1815528659173555,0.9857578928137992,D2,B2,high_calcium,P3,33,standard,drug_pulse
W0158,0,0,-1.982343234019555,-1.9445324580586463,-1.948145533786558,-0.9019578335572145,-2.2798505659999755,2.0069480094270373,1.7295260007265119,0.5714285714285714,0.13432835820895522,0.7910447761194029,-0.010063342786598407,-1.096333473541189,-0.9841773841802293,D3,B2,high_calcium,P3,21,standard,none
W0159,0,1,0.5981527781142656,0.7509675628593209,1.0269200576839967,0.43452088758902124,-0.06909227629675409,-0.15675260656328047,-0.7974412019473875,0.2222222222222222,0.18571428571428572,0.5571428571428572,-0.9252978867466978,0.8537927741811945,1.0530139061537214,D4,B2,baseline,P3,19,lactate_selection,electrical
W0160,0,0,-0.7662002556019915,-0.5335983655117651,-1.0064711922662035,0.24710645184833355,-1.269306649136431,1.574432569574351,0.7617513273620397,0.7142857142857143,0.044444444444444446,0.8444444444444444,-0.010063342786598407,-1.4070890956678634,-1.0065012410690028,D5,B2,high_calcium,P3,32,standard,none
W0161,0,0,-1.3061035130561496,-1.4087028594428572,-1.6118211592890588,-0.3067539256533616,-1.5758398203321498,0.9739415478002691,-0.5579414090440585,0.9090909090909091,0.08823529411764706,0.75,-0.9252978867466978,-1.4637266047247792,-1.0614972961108924,D6,B2,baseline,P3,32,lactate_selection,electrical
W0162,0,1,1.4102587360500096,1.1133449587653805,1.599817093372286,1.1290144524652281,1.4157149705701126,-0.7163606691710979,-1.1737980193669044,0.14285714285714285,0.13043478260869565,0.5652173913043478,0.3140822248659369,1.0725647361474087,0.865592405040965,D1,B2,high_calcium,P4,31,standard,electrical
W0163,0,0,-1.9066144466176218,-1.8782179697424592,-1.9539254466799718,-1.3777236115716194,-1.4190581232209283,2.4044528595033543,2.589770154828265,0.4444444444444444,0.0821917808219178,0.8767123287671232,-1.3066456133967392,-1.4637361708254726,-1.0105754416772283,D2,B2,baseline,P4,28,standard,electrical
W0164,0,0,-1.062874839900623,-1.5630170134896013,-1.190476118038672,-0.5801956927627822,-0.24683218300065682,1.221940793049083,1.5359710660536177,0.6,0.08450704225352113,0.7746478873239436,1.4581254048160615,-1.1112212302944375,-1.1195048595727475,D3,B2,ramp_pacing,P4,30,lactate_selection,electrical
W0165,0,1,0.8325899585935134,0.5376648726852095,0.6415770045602028,1.0008487310775322,0.7568945680938064,-1.5539319470874027,-0.8915304063022668,0.25,0.078125,0.546875,0.7526321105134847,0.4201184657292282,0.9267809318575367,D4,B2,ramp_pacing,P4,29,standard,none
W0166,0,1,0.14992675702036698,0.38718025873297834,-0.1016160323142571,0.2478024782279978,0.06501262546151215,0.5722105276232178,-0.4210843845278706,0.8888888888888888,0.08695652173913043,0.717391304347826,-0.010063342786598407,0.8801958945629594,0.9592079683056222,D5,B2,high_calcium,P4,29,standard,none
W0167,0,0,0.014142557766589781,-0.15112640149209405,-0.1434439825837046,0.0010434060151241007,0.31191854526272683,-0.8275315175219797,0.5198076590209217,0.4375,0.09803921568627451,0.5882352941176471,1.0767776781660197,-0.6415767062531303,-1.0537445394731257,D6,B2,ramp_pacing,P4,26,standard,electrical
W0168,0,1,0.042105873966530094,-0.22217592752311477,-0.3331649610100395,-0.21586691470150557,0.8078786148151017,-0.9188504286673468,-0.044727567108353704,0.4444444444444444,0.08928571428571429,0.5892857142857143,1.3627884731535511,0.6472999798297813,0.8908202370441062,D1,B3,ramp_pacing,P5,22,fatty_acid,electrical
W0169,0,1,0.5596849204796872,0.5945684298607999,1.0154275625446725,-0.07067972965604254,0.34033334875348253,-0.9881320488586259,-0.4210843845278706,0.16666666666666666,0.16363636363636364,0.509090909090909,-1.3066456133967392,0.8331001021418502,1.0149028007468792,D2,B3,baseline,P5,20,standard,electrical
W0170,0,1,0.37381650847417686,0.6611793965109375,0.8907503017277144,-0.10718222368004034,-0.227773970214087,0.1973534521921438,-1.1737980193669044,0.13333333333333333,0.13636363636363635,0.6363636363636364,0.600093019853468,0.9586752329131336,1.0668472786016143,D3,B3,high_calcium,P5,18,fatty_acid,electrical
W0171,0,1,0.8139260435597885,0.4289157119344979,0.5459504417682587,0.8401834083130644,1.369109966297015,0.42187722133054706,-1.1737980193669044,0.4,0.14583333333333334,0.6458333333333334,0.7526321105134847,0.9958349923178111,0.9629636598120407,D4,B3,ramp_pacing,P5,23,standard,none
W0172,0,1,0.009557837516034494,0.012812816525459424,0.2145638932993197,0.5573883890556616,-0.6134195623623641,0.9158295134350354,-0.4963557480117739,0.7,0.1,0.7333333333333333,1.0767776781660197,0.3661634066408721,0.9775881600340365,D5,B3,ramp_pacing,P5,21,standard,electrical
W0173,0,0,-1.578670151235885,-1.9566348765093289,-1.8050889289497043,-0.5052720383762476,-1.3983614672643445,2.074062474231764,-0.20602334600243238,0.8571428571428571,0.05172413793103448,0.8793103448275862,-1.3447803860617435,-1.7919187849063503,-1.1352875160975398,D6,B3,baseline,P5,21,fatty_acid,none
W0174,0,0,-0.4832712103481854,-0.5816529158611832,-0.4305142837756578,-0.4328120517703028,-0.7180349974712933,-0.9918483043478132,-0.8172494554957831,0.7894736842105263,0.10344827586206896,0.5689655172413793,-1.3066456133967392,-0.2759797070557912,-1.0447840513666165,D1,B3,baseline,P6,27,standard,electrical
W0175,0,1,0.5146222014025656,0.08848699110485188,0.4419867795539853,0.18967286741192918,1.1779253740670759,-0.5950833800610452,-0.4963557480117739,0.35,0.1323529411764706,0.5735294117647058,-1.0206348184092082,0.3565685411737653,1.0437955478037837,D2,B3,baseline,P6,20,fatty_acid,electrical
W0176,0,1,0.4109582765761358,0.03828165480440437,0.7422306709126143,0.09206839520372807,0.6510474872879428,-0.20093219045337216,-0.6092627932376291,0.4166666666666667,0.1956521739130435,0.5434782608695652,1.153047223496028,0.727904864714148,0.8964155975040308,D3,B3,ramp_pacing,P6,26,fatty_acid,drug_pulse
W0177,0,1,1.7505493598211317,1.305225908469285,1.4268199271097024,1.939214466186699,1.9639888253010984,-0.9531791593927559,-1.1737980193669044,0.20833333333333334,0.14864864864864866,0.527027027027027,1.2483841551585384,1.5704076157994868,1.0137960722904569,D4,B3,ramp_pacing,P6,27,lactate_selection,drug_pulse
W0178,0,0,-0.0822119406499656,-0.1591477233508257,0.35419911784563735,-0.7351618950417237,0.39888995716982106,0.7883579541822633,0.673771811601633,0.45454545454545453,0.16129032258064516,0.6612903225806451,0.10434097520841402,-1.269417933373989,-1.1390217248446162,D5,B3,high_calcium,P6,30,standard,drug_pulse
W0179,0,1,-0.15496592634567233,0.15587354702972567,0.21055058654748848,-0.3691719507199596,-0.45949926927904705,0.9158295134350354,0.5198076590209217,0.125,0.1875,0.6458333333333334,0.3140822248659369,0.4877788072337695,0.9262934173072515,D6,B3,high_calcium,P6,32,standard,electrical
